experiment_id,composition_id,storing_humidity,storing_temperature,storing_day,std_BalabanJ,std_ExactMolWt,std_FractionCSP3,std_HeavyAtomCount,std_LabuteASA,std_MolLogP,std_NOCount,std_NumAromaticRings,std_NumHAcceptors,std_NumHDonors,std_NumRotatableBonds,std_TPSA,range_BalabanJ,range_ExactMolWt,range_FractionCSP3,range_HeavyAtomCount,range_LabuteASA,range_MolLogP,range_NOCount,range_NumAromaticRings,range_NumHAcceptors,range_NumHDonors,range_NumRotatableBonds,range_TPSA,max_BalabanJ,max_ExactMolWt,max_FractionCSP3,max_HeavyAtomCount,max_LabuteASA,max_MolLogP,max_NOCount,max_NumAromaticRings,max_NumHAcceptors,max_NumHDonors,max_NumRotatableBonds,max_TPSA,min_BalabanJ,min_ExactMolWt,min_FractionCSP3,min_HeavyAtomCount,min_LabuteASA,min_MolLogP,min_NOCount,min_NumAromaticRings,min_NumHAcceptors,min_NumHDonors,min_NumRotatableBonds,min_TPSA,weighted_BalabanJ,weighted_ExactMolWt,weighted_FractionCSP3,weighted_HeavyAtomCount,weighted_LabuteASA,weighted_MolLogP,weighted_NOCount,weighted_NumAromaticRings,weighted_NumHAcceptors,weighted_NumHDonors,weighted_NumRotatableBonds,weighted_TPSA,scwl
10,24,,,20.0,0.8702225372566436,133.7829216383335,0.2489429559275149,9.524116295425587,52.9378112226708,1.7086562923974649,3.540193078486968,1.0894095588038444,3.794877982372938,2.385855756810896,1.7097008285302209,58.241606441436,3.315382669168291,592.1428201960001,0.8333333333333334,42,234.05143109871932,6.1029,15,3,16,10,6,237.92999999999995,3.315382669168291,610.1533848800001,0.8333333333333334,43,240.90066228703745,2.973800000000002,16,3,16,10,6,269.42999999999995,0.0,18.010564684,0.0,1,6.84923118831809,-3.1290999999999984,1,0,0,0,0,31.5,0.0021804798210526,4.642668715470308,0.0006291888006538,0.2595826076192688,1.7650112411250676,-0.2078408989226947,0.2546819137813128,5.511946636870921e-05,0.0046921770267318,0.0039076389088963,0.00081682456164,7.949814490877666,0.5242356250268391
10,25,,,20.0,1.9499021916768,124.47348311425652,0.5892556509887896,8.48528137423857,46.63732345899808,1.629456866566279,4.242640687119285,0.0,4.242640687119285,3.5355339059327378,0.7071067811865476,67.84689565484923,2.757578124770353,176.032087976,0.8333333333333334,12,65.95513534849599,2.3043999999999984,6,0,6,5,1,95.95,2.757578124770353,194.04265266,0.8333333333333334,13,72.80436653681407,-0.8247,7,0,6,5,1,127.45,0.0,18.010564684,0.0,1,6.84923118831809,-3.1290999999999984,1,0,0,0,0,31.5,0.0020733528277809,4.634995218962148,0.0006265621298742,0.2590224946701894,1.7618977851756414,-0.2079076197264987,0.2545112473350947,0.0,0.0045112473350947,0.0037593727792456,0.0007518745558491,7.947142363633723,0.015318811640257087
11,28,,,16.0,1.5901293287588272,125.05762697334742,0.5773502691896258,7.094598884597588,72.18631956312859,2.558002506572919,3.055050463303893,0.0,3.0,1.7320508075688772,1.1547005383792517,68.85196462943765,2.754184789993705,243.917269996,1.0,14,136.98285580203853,4.791670000000001,6,0,6,3,2,131.14,2.7541847860376616,261.92783468,1.0,15,143.83208699035663,-0.8247,7,0,6,3,2,162.64,-3.956043955029585e-09,18.010564684,0.0,1,6.84923118831809,-5.616370000000001,1,0,0,0,0,31.5,0.0013445666371835,4.54129602086786,0.0004881904235476,0.2525850634560804,1.7278766471627494,-0.206636063658691,0.2510381428492419,0.0,0.0015263332727895,0.001464571270643,0.0009763808470953,7.890600189956941,0.07873903063656058
11,29,,,16.0,1.2068354826535266,75.9205197892093,0.4346134936801766,5.167204273105526,28.617091641078744,1.1065027351977033,2.5099800796022267,0.0,2.683281572999748,2.1908902300206643,0.7071067811865476,40.29914825402641,2.757578124770353,176.032087976,1.0,12,65.95513534849599,2.3966999999999987,6,0,6,5,2,95.95,2.757578124770353,194.04265266,1.0,13,72.80436653681407,-0.8247,7,0,6,5,2,127.45,0.0,18.010564684,0.0,1,6.84923118831809,-3.2213999999999987,1,0,0,0,0,31.5,0.0015076767030804,4.548902412887594,0.0005476395038466,0.2531282923568015,1.7303108466164532,-0.2067329324556352,0.2512951500471503,0.0,0.0018331423096511,0.0017716638252166,0.001037659419797,7.894294397695543,0.18811381029479815
11,30,,,16.0,1.2068354826535266,75.9205197892093,0.4346134936801766,5.167204273105526,28.617091641078744,1.1065027351977033,2.5099800796022267,0.0,2.683281572999748,2.1908902300206643,0.7071067811865476,40.29914825402641,2.757578124770353,176.032087976,1.0,12,65.95513534849599,2.3966999999999987,6,0,6,5,2,95.95,2.757578124770353,194.04265266,1.0,13,72.80436653681407,-0.8247,7,0,6,5,2,127.45,0.0,18.010564684,0.0,1,6.84923118831809,-3.2213999999999987,1,0,0,0,0,31.5,0.0016706512294408,4.559013145822303,0.0006070392605971,0.2538151941657763,1.7341526290077438,-0.2068790362784945,0.2516137223221276,0.0,0.0022014718436487,0.0020785451041781,0.001098867677354,7.899335450213082,0.30917757776714394
11,31,,,16.0,1.3928272218908253,85.9545413464038,0.4990732151439046,5.269408568963566,45.88194177126693,1.6400627843317463,2.449489742783178,0.0,2.5099800796022267,2.449489742783178,0.752772652709081,47.17784805040038,2.7575781287263967,243.917269996,1.0,14,136.98285580203853,4.791670000000001,6,0,6,5,2,131.14,2.757578124770353,261.92783468,1.0,15,143.83208699035663,-0.8247,7,0,6,5,2,162.64,-3.956043955029585e-09,18.010564684,0.0,1,6.84923118831809,-5.616370000000001,1,0,0,0,0,31.5,0.0015076146402171,4.551410694307481,0.0005476169605167,0.2532722394828902,1.7317198146967,-0.2067822212151473,0.2513568435475251,0.0,0.0018948136638202,0.0017715908954847,0.0010376167050211,7.895643182995675,0.21267789813829324
11,32,,,16.0,1.3928272218908253,85.9545413464038,0.4990732151439046,5.269408568963566,45.88194177126693,1.6400627843317463,2.449489742783178,0.0,2.5099800796022267,2.449489742783178,0.752772652709081,47.17784805040038,2.7575781287263967,243.917269996,1.0,14,136.98285580203853,4.791670000000001,6,0,6,5,2,131.14,2.757578124770353,261.92783468,1.0,15,143.83208699035663,-0.8247,7,0,6,5,2,162.64,-3.956043955029585e-09,18.010564684,0.0,1,6.84923118831809,-5.616370000000001,1,0,0,0,0,31.5,0.0016705824747126,4.561520394496475,0.0006070142782465,0.2539590776343721,1.7355610925962046,-0.2069283069078738,0.2516753875449067,0.0,0.0022631128779353,0.0020784595628535,0.0010988224540887,7.900683696461696,0.4104350097861983
13,35,,,20.0,1.227487646519973,346.97171684542195,0.535051175632779,24.269322199023197,148.1133154651573,5.522344340042548,4.58257569495584,0.0,5.0,2.516611478423584,17.925772879665004,59.31227557035164,2.126071292739465,614.548540088,0.945945945945946,43,265.33381122591555,11.041399999999994,9,0,10,5,32,103.79,2.1260706461318684,632.559104772,0.945945945945946,44,272.1830424142336,10.216699999999994,10,0,10,5,32,135.29,-6.46607596889514e-07,18.010564684,0.0,1,6.84923118831809,-0.8247,1,0,0,0,0,31.5,0.0005267989299319,6.439820405826799,0.0006724712958792,0.3638535071246733,2.469852472780452,-0.2683616353341009,0.3384044523799614,0.0,0.0048453842455405,0.0031109194668258,0.0225859159605596,10.574330600646496,0.20076726342710996
13,36,,,20.0,1.0942391892744423,226.67699692550417,0.3366767443490151,15.71111981095828,95.49405432289404,3.104373972280308,3.5050983275386565,0.3535533905932738,3.335416016031584,1.8850918886280923,13.989153961960264,53.52866088101107,2.507694563040737,614.548540088,1.0,43,265.33381122591555,11.041399999999994,9,1,10,5,32,126.06,2.50769391643314,632.559104772,1.0,44,272.1830424142336,10.216699999999994,10,1,10,5,32,135.29,-6.46607596889514e-07,18.010564684,0.0,1,6.84923118831809,-0.8247,1,0,0,0,0,9.23,0.0004091569873084,4.8307082702039645,0.0005097844464481,0.2729516257836853,1.8527729632376064,-0.201250980967367,0.2538039364141692,8.310376899665037e-07,0.0036404702359294,0.0023364669820948,0.0169451170919529,7.930672639953568,0.5719725571387975
13,37,,,20.0,1.0942391892744423,226.67699692550417,0.3366767443490151,15.71111981095828,95.49405432289404,3.104373972280308,3.5050983275386565,0.3535533905932738,3.335416016031584,1.8850918886280923,13.989153961960264,53.52866088101107,2.507694563040737,614.548540088,1.0,43,265.33381122591555,11.041399999999994,9,1,10,5,32,126.06,2.50769391643314,632.559104772,1.0,44,272.1830424142336,10.216699999999994,10,1,10,5,32,135.29,-6.46607596889514e-07,18.010564684,0.0,1,6.84923118831809,-0.8247,1,0,0,0,0,9.23,0.0004232141214183,4.831551196716253,0.0005152151676496,0.2730131183553062,1.8531565539957948,-0.2012307363785457,0.2538045335155132,1.6620366147650884e-06,0.0036469019876694,0.0023397442111911,0.0169507969485271,7.930597332935251,0.6078951000690132
13,38,,,20.0,1.0942391892744423,226.67699692550417,0.3366767443490151,15.71111981095828,95.49405432289404,3.104373972280308,3.5050983275386565,0.3535533905932738,3.335416016031584,1.8850918886280923,13.989153961960264,53.52866088101107,2.507694563040737,614.548540088,1.0,43,265.33381122591555,11.041399999999994,9,1,10,5,32,126.06,2.50769391643314,632.559104772,1.0,44,272.1830424142336,10.216699999999994,10,1,10,5,32,135.29,-6.46607596889514e-07,18.010564684,0.0,1,6.84923118831809,-0.8247,1,0,0,0,0,9.23,0.0004372705998246,4.832394083909716,0.0005206456355319,0.2730746080585683,1.8535401268611569,-0.2012104927340457,0.2538051305890051,2.492996777108091e-06,0.0036533334393964,0.0023430212874191,0.016956476540161,7.930522029429676,0.6371704623878537
13,39,,,20.0,1.0942391892744423,226.67699692550417,0.3366767443490151,15.71111981095828,95.49405432289404,3.104373972280308,3.5050983275386565,0.3535533905932738,3.335416016031584,1.8850918886280923,13.989153961960264,53.52866088101107,2.507694563040737,614.548540088,1.0,43,265.33381122591555,11.041399999999994,9,1,10,5,32,126.06,2.50769391643314,632.559104772,1.0,44,272.1830424142336,10.216699999999994,10,1,10,5,32,135.29,-6.46607596889514e-07,18.010564684,0.0,1,6.84923118831809,-0.8247,1,0,0,0,0,9.23,0.000451326422573,4.833236931787104,0.0005260758501126,0.2731360948936722,1.853923681834944,-0.2011902500338009,0.2538057276346467,3.3239181797075965e-06,0.0036597645911313,0.0023462982107895,0.016962155866873,7.930446729436597,0.679259529898916
13,40,,,20.0,1.0942391892744423,226.67699692550417,0.3366767443490151,15.71111981095828,95.49405432289404,3.104373972280308,3.5050983275386565,0.3535533905932738,3.335416016031584,1.8850918886280923,13.989153961960264,53.52866088101107,2.507694563040737,614.548540088,1.0,43,265.33381122591555,11.041399999999994,9,1,10,5,32,126.06,2.50769391643314,632.559104772,1.0,44,272.1830424142336,10.216699999999994,10,1,10,5,32,135.29,-6.46607596889514e-07,18.010564684,0.0,1,6.84923118831809,-0.8247,1,0,0,0,0,9.23,0.0005075431579065,4.836607930190929,0.0005477941757735,0.2733820135565201,1.8554577228393792,-0.2011092886740527,0.2538081155387502,6.647216246903487e-06,0.0036854861985707,0.002359404375908,0.016984870524873,7.930145564584332,0.826645556773434
13,41,,,20.0,0.9826945530866704,63.750460550142805,0.3859212162931512,4.665476038590989,28.785548608421557,1.5163810750819429,0.408248290463863,0.408248290463863,0.6324555320336759,0.408248290463863,0.752772652709081,8.277239676768255,2.50769391643314,180.15141526,1.0,13,80.17361927389555,4.091940000000002,1,1,2,1,2,22.27,2.50769391643314,198.161979944,1.0,14,87.02285046221364,3.267240000000002,2,1,2,1,2,31.5,0.0,18.010564684,0.0,1,6.84923118831809,-0.8247,1,0,0,0,0,9.23,1.8796679786206686e-05,6.004658151363768,7.272721025250264e-06,0.3334162184528844,2.2835940159086747,-0.274872794587483,0.3333342497668607,1.1104530939227168e-06,8.707924805483116e-06,4.452034876074708e-06,8.117852634032138e-06,10.49990110564604,0.07354605610360086
13,42,,,20.0,0.9826945530866704,63.750460550142805,0.3859212162931512,4.665476038590989,28.785548608421557,1.5163810750819429,0.408248290463863,0.408248290463863,0.6324555320336759,0.408248290463863,0.752772652709081,8.277239676768255,2.50769391643314,180.15141526,1.0,13,80.17361927389555,4.091940000000002,1,1,2,1,2,22.27,2.50769391643314,198.161979944,1.0,14,87.02285046221364,3.267240000000002,2,1,2,1,2,31.5,0.0,18.010564684,0.0,1,6.84923118831809,-0.8247,1,0,0,0,0,9.23,3.759248086795296e-05,6.005794688261057,1.454510206639286e-05,0.3334990996977338,2.284110944878202,-0.2748455904467606,0.3333351661575467,2.2208542765452566e-06,1.7415442534160404e-05,8.903861629068744e-06,1.623532577586674e-05,10.49980221591518,0.1123224942150773
13,43,,,20.0,0.9826945530866704,63.750460550142805,0.3859212162931512,4.665476038590989,28.785548608421557,1.5163810750819429,0.408248290463863,0.408248290463863,0.6324555320336759,0.408248290463863,0.752772652709081,8.277239676768255,2.50769391643314,180.15141526,1.0,13,80.17361927389555,4.091940000000002,1,1,2,1,2,22.27,2.50769391643314,198.161979944,1.0,14,87.02285046221364,3.267240000000002,2,1,2,1,2,31.5,0.0,18.010564684,0.0,1,6.84923118831809,-0.8247,1,0,0,0,0,9.23,5.6387403306853694e-05,6.006931172028924,2.181714314726752e-05,0.3335819770681533,2.2846278496829737,-0.2748183875777437,0.3333360825053946,3.3312035515076474e-06,2.6122553214576144e-05,1.3355480273575724e-05,2.4352419452113844e-05,10.49970333080709,0.1726984126984127
13,44,,,20.0,0.9826945530866704,63.750460550142805,0.3859212162931512,4.665476038590989,28.785548608421557,1.5163810750819429,0.408248290463863,0.408248290463863,0.6324555320336759,0.408248290463863,0.752772652709081,8.277239676768255,2.50769391643314,180.15141526,1.0,13,80.17361927389555,4.091940000000002,1,1,2,1,2,22.27,2.50769391643314,198.161979944,1.0,14,87.02285046221364,3.267240000000002,2,1,2,1,2,31.5,0.0,18.010564684,0.0,1,6.84923118831809,-0.8247,1,0,0,0,0,9.23,7.518144716451803e-05,6.008067602671099,2.908884429171176e-05,0.3336648505644148,2.285144730324685,-0.2747911859803432,0.333336998810407,4.441500922449577e-06,3.482925687527196e-05,1.780689082418791e-05,3.2469133689381014e-05,10.499604450321458,0.19111760646287498
13,45,,,20.0,0.9826945530866704,63.750460550142805,0.3859212162931512,4.665476038590989,28.785548608421557,1.5163810750819429,0.408248290463863,0.408248290463863,0.6324555320336759,0.408248290463863,0.752772652709081,8.277239676768255,2.50769391643314,180.15141526,1.0,13,80.17361927389555,4.091940000000002,1,1,2,1,2,22.27,2.50769391643314,198.161979944,1.0,14,87.02285046221364,3.267240000000002,2,1,2,1,2,31.5,0.0,18.010564684,0.0,1,6.84923118831809,-0.8247,1,0,0,0,0,9.23,0.0001503488380147,6.012612794057341,5.817224998185653e-05,0.3339963058133111,2.287212011294798,-0.2746823923051212,0.3333406636021641,8.882171438794519e-06,6.965200189159486e-05,3.561045237948606e-05,6.493219678071452e-05,10.499208974596938,0.16043437664921037
14,47,70.0,4.0,20.0,1.5920884726475868,101.63217337895549,0.4811252243246882,6.928203230275509,38.07921514789236,1.3304459603205727,3.4641016151377544,0.0,3.4641016151377544,2.8867513459481287,0.5773502691896258,55.3967583287446,2.757578124770353,176.032087976,0.8333333333333334,12,65.95513534849599,2.3043999999999984,6,0,6,5,1,95.95,2.757578124770353,194.04265266,0.8333333333333334,13,72.80436653681407,-0.8247,7,0,6,5,1,127.45,0.0,18.010564684,0.0,1,6.84923118831809,-3.1290999999999984,1,0,0,0,0,31.5,0.0009584842649811,4.563826739938619,0.0002896515896719,0.2541709828912757,1.735232608840385,-0.2069759677478879,0.2520854914456378,0.0,0.0020854914456378,0.0017379095380315,0.0003475819076063,7.908350484034826,0.24412461213795122
14,49,70.0,4.0,20.0,1.5920884726475868,87.48999006355025,0.4811252243246882,6.652067347825035,33.52641983288874,1.560155226251541,3.4641016151377544,0.0,3.4641016151377544,2.8867513459481287,0.5773502691896257,56.27611245753684,2.757578124770353,176.032087976,0.8333333333333334,12,65.95513534849599,3.0077999999999983,6,0,6,5,1,98.95,2.757578124770353,194.04265266,0.8333333333333334,13,72.80436653681407,-0.1213,7,0,6,5,1,127.45,0.0,18.010564684,0.0,1,6.84923118831809,-3.1290999999999984,1,0,0,0,0,28.5,0.0009583764319762,4.565561230228496,0.0002896190028028,0.25419863955979,1.7357611406778335,-0.206956093864344,0.2520852568201803,0.0,0.0020852568201803,0.0017377140168169,0.0003475428033633,7.90826235422443,0.31716455790909304
17,57,90.0,4.0,7.0,1.0419355938767367,251.46946256900156,0.2455394377759559,17.125402528545305,100.2039556000179,3.4086859336717708,6.814236826630827,0.2425356250363329,7.033533126053656,2.0036730976766,8.744746321952062,80.71883721670953,3.287096208030444,1242.681977372,1.0,85,499.7962077374565,11.114300000000007,29,1,30,8,40,344.67000000000013,3.287096208030444,1260.692542056,1.0,86,506.6454389257746,7.892900000000008,30,1,30,8,40,364.90000000000015,0.0,18.010564684,0.0,1,6.84923118831809,-3.2213999999999987,1,0,0,0,0,20.23,0.0138817726671702,7.456732070869652,0.0042635779830177,0.4368120758719505,2.919134773421592,-0.2480134968014035,0.3442966750895865,0.0002661004537289,0.0135584159998362,0.0078507870699374,0.069395242365818,10.623790606818538,0.25721165659246154
17,58,90.0,4.0,7.0,1.275135882351912,348.8317073379698,0.323692211148378,23.786083699881697,139.49189714890065,4.188172230752276,9.260129588726068,0.3333333333333333,9.433981132056603,2.7386127875258306,12.062338081814818,109.28114164596036,3.1730086074169632,1242.681977372,1.0,85,499.7962077374565,10.776200000000008,29,1,30,8,40,344.67000000000013,3.1730086074169632,1260.692542056,1.0,86,506.6454389257746,7.554800000000009,30,1,30,8,40,364.90000000000015,0.0,18.010564684,0.0,1,6.84923118831809,-3.2213999999999987,1,0,0,0,0,20.23,0.0130270023070868,7.363536574278759,0.0039686229428473,0.4303597147665525,2.881473903130696,-0.247945153837223,0.3422170647940925,0.0002701786914275,0.0112555243849095,0.0064138695045678,0.0669746808218368,10.595739183654914,0.4087670155781611
16,59,,,,1.5467933242679477,18.39584257723064,0.0,1.4142135623730951,8.739551792432286,1.0695697172227718,0.0,0.0,0.7071067811865476,0.7071067811865476,0.0,7.969093423972389,2.1874960973678963,26.015650064000003,0.0,2,12.359592673919831,1.5126,0,0,1,1,0,11.27,2.1874960973678963,44.026214748,0.0,3,19.20882386223792,0.6879,1,0,1,1,0,31.5,0.0,18.010564684,0.0,1,6.84923118831809,-0.8247,1,0,0,0,0,20.23,0.0070437543116132,3.685883530735328,0.0,0.2064400154314228,1.4096442214366902,-0.1600694163292149,0.2,0.0,0.0032200077157114,0.0032200077157114,0.0,6.263710513043932,0.5565666562094133
18,64,85.0,5.0,20.0,1.338358688279038,78.26095656202882,0.5,5.315072906367325,29.7609262757898,1.191118071393428,2.449489742783178,0.0,2.8722813232690143,2.362907813126304,0.816496580927726,38.98114619060519,2.7541847860376616,162.05282342,1.0,11,61.7936132484522,2.3967000000000005,5,0,6,5,2,78.88,2.7541847860376616,180.063388104,1.0,12,68.64284443677029,-0.8247,6,0,6,5,2,110.38,0.0,18.010564684,0.0,1,6.84923118831809,-3.2214000000000005,1,0,0,0,0,31.5,0.0014564910590354,4.575940759505052,0.0005451048796554,0.254971145351238,1.740389954508484,-0.2072160952932071,0.2522130202357913,0.0,0.0027581251154467,0.0023838549566198,0.0007159396004839,7.909509095629247,-0.07454499385486499
18,65,85.0,5.0,20.0,0.9583781950744222,178.86283614424428,0.3434909512725929,12.4949989995998,75.5958111186876,3.6806271386962246,3.5456210417116734,0.0,3.732100136460895,2.167124493754009,10.742937879635823,52.033406834318605,3.066157800884338,586.4080834359999,1.0,41,246.733285933766,9.329900000000007,10,0,10,5,30,133.14,3.066157800884338,604.4186481199998,1.0,42,253.58251712208408,6.108500000000007,10,0,10,5,30,133.14,0.0,18.010564684,0.0,1,6.84923118831809,-3.2214000000000005,0,0,0,0,0,0.0,0.0014951949570295,4.577868724082259,0.0005544543043497,0.2551172265560233,1.7413099775867538,-0.2071510202667785,0.2521993676472967,0.0,0.0027594677595655,0.0023844402478203,0.0007401262910097,7.909050708808511,0.32319321177864163
18,66,85.0,5.0,20.0,0.9583781950744222,178.86283614424428,0.3434909512725929,12.4949989995998,75.5958111186876,3.6806271386962246,3.5456210417116734,0.0,3.732100136460895,2.167124493754009,10.742937879635823,52.033406834318605,3.066157800884338,586.4080834359999,1.0,41,246.733285933766,9.329900000000007,10,0,10,5,30,133.14,3.066157800884338,604.4186481199998,1.0,42,253.58251712208408,6.108500000000007,10,0,10,5,30,133.14,0.0,18.010564684,0.0,1,6.84923118831809,-3.2214000000000005,0,0,0,0,0,0.0,0.001533894078705,4.579796450735807,0.0005638025752627,0.2552632897334159,1.7422298871280533,-0.2070859532710413,0.2521857167436225,0.0,0.0027608102379931,0.002385025466792,0.0007643099967368,7.9085923785557615,0.10771630888877828
18,67,85.0,5.0,20.0,0.9583781950744222,178.86283614424428,0.3434909512725929,12.4949989995998,75.5958111186876,3.6806271386962246,3.5456210417116734,0.0,3.732100136460895,2.167124493754009,10.742937879635823,52.033406834318605,3.066157800884338,586.4080834359999,1.0,41,246.733285933766,9.329900000000007,10,0,10,5,30,133.14,3.066157800884338,604.4186481199998,1.0,42,253.58251712208408,6.108500000000007,10,0,10,5,30,133.14,0.0,18.010564684,0.0,1,6.84923118831809,-3.2214000000000005,0,0,0,0,0,0.0,0.0016112779966363,4.58365119044807,0.0005824956565994,0.2555553620193689,1.744069365683797,-0.2069558433656955,0.2521584199894875,0.0,0.0027634946978974,0.0023861956881023,0.0008126684560052,7.907675887712335,-0.18842577395976967
18,68,85.0,5.0,20.0,0.9583781950744222,178.86283614424428,0.3434909512725929,12.4949989995998,75.5958111186876,3.6806271386962246,3.5456210417116734,0.0,3.732100136460895,2.167124493754009,10.742937879635823,52.033406834318605,3.066157800884338,586.4080834359999,1.0,41,246.733285933766,9.329900000000007,10,0,10,5,30,133.14,3.066157800884338,604.4186481199998,1.0,42,253.58251712208408,6.108500000000007,10,0,10,5,30,133.14,0.0,18.010564684,0.0,1,6.84923118831809,-3.2214000000000005,0,0,0,0,0,0.0,0.0016886428198995,4.587504978994023,0.0006011841253732,0.2558473622357817,1.745908390343775,-0.2068257655652822,0.2521311299708924,0.0,0.0027661784954047,0.0023873656206576,0.0008610149827072,7.906759623015231,0.09602191302896845
18,69,85.0,5.0,20.0,0.9583781950744222,178.86283614424428,0.3434909512725929,12.4949989995998,75.5958111186876,3.6806271386962246,3.5456210417116734,0.0,3.732100136460895,2.167124493754009,10.742937879635823,52.033406834318605,3.066157800884338,586.4080834359999,1.0,41,246.733285933766,9.329900000000007,10,0,10,5,30,133.14,3.066157800884338,604.4186481199998,1.0,42,253.58251712208408,6.108500000000007,10,0,10,5,30,133.14,0.0,18.010564684,0.0,1,6.84923118831809,-3.2214000000000005,0,0,0,0,0,0.0,0.0017659885555611,4.591357816725677,0.0006198679832912,0.2561392904093262,1.7477469612759684,-0.20669571985792,0.2521038466853443,0.0,0.0027688616307602,0.0023885352645649,0.000909349581259,7.905843584380758,0.37290624376624393
22,86,,,,1.1672503319867584,125.8650293040608,0.3476700663627442,9.063269671749657,55.34775791382571,2.7257140702680385,1.0690449676496974,0.3779644730092272,1.3801311186847085,0.7559289460184544,6.8729975438737965,15.145717609435408,3.1730086074169632,380.344301408,0.9523809523809524,28,173.13516000193044,8.379500000000009,3,1,4,2,19,46.53,3.1730086074169632,398.354866092,0.9523809523809524,29,179.98439119024854,7.554800000000009,4,1,4,2,19,66.76,0.0,18.010564684,0.0,1,6.84923118831809,-0.8247,1,0,0,0,0,20.23,0.0174225980838096,7.801289962255922,0.0051961925268828,0.4619450622298456,3.07939803924986,-0.2362076881591543,0.342806962738826,0.0003792516079825,0.0124283411217838,0.0069897958668972,0.0918124017452068,10.592926581896958,0.6004842889124201
22,87,,,,1.275135882351912,348.8317073379698,0.323692211148378,23.786083699881697,139.49189714890065,4.188172230752276,9.260129588726068,0.3333333333333333,9.433981132056603,2.7386127875258306,12.062338081814818,109.28114164596036,3.1730086074169632,1242.681977372,1.0,85,499.7962077374565,10.776200000000008,29,1,30,8,40,344.67000000000013,3.1730086074169632,1260.692542056,1.0,86,506.6454389257746,7.554800000000009,30,1,30,8,40,364.90000000000015,0.0,18.010564684,0.0,1,6.84923118831809,-3.2213999999999987,1,0,0,0,0,20.23,0.0175068906606,7.812204529121793,0.0052330244704478,0.4626882240227671,3.0836688158966403,-0.2362974929057425,0.3431052015261185,0.000379209038666,0.0127636634489541,0.0071901155335288,0.0920218789678706,10.59705762052943,0.7751227400288762
22,88,,,,0.9344361217302184,113.86352213326516,0.2573881781470941,8.011324402451736,48.71849263397861,2.1276251761834555,1.2513728724621074,0.2672612419124244,1.2403473458920844,0.633323693776651,7.1318046357592655,20.971558199063395,3.6257596603687854,380.344301408,0.9523809523809524,28,173.13516000193044,8.379500000000009,4,1,4,2,19,66.76,3.6257596603687854,398.354866092,0.9523809523809524,29,179.98439119024854,7.554800000000009,4,1,4,2,19,66.76,0.0,18.010564684,0.0,1,6.84923118831809,-0.8247,0,0,0,0,0,0.0,0.0183880186087835,7.846188247049891,0.0054417905807253,0.4653732631535897,3.101008758040076,-0.2346442521159297,0.3424124126679388,0.0003788005512308,0.0124267215086031,0.0069814826664975,0.0920733811918783,10.58055272888016,0.6943339652782073
40,125,,,,1.862808459170039,113.8928462556401,0.7071067811865476,7.7781745930520225,44.080520687880856,1.718481610317665,3.5355339059327378,0.0,4.242640687119285,3.5355339059327378,0.7071067811865476,59.87073116306499,2.634408987061597,161.068807832,1.0,11,62.3392701932689,2.430299999999998,5,0,6,5,1,84.67000000000002,2.634408987061597,179.079372516,1.0,12,69.18850138158699,-0.8247,6,0,6,5,1,116.17000000000002,0.0,18.010564684,0.0,1,6.84923118831809,-3.254999999999998,1,0,0,0,0,31.5,0.0008822814457167,6.057464598018916,0.0003349067855636,0.3370173079745334,2.303954907367508,-0.2757139239609553,0.3350078672611515,0.0,0.0020094407133818,0.0016745339278182,0.0003349067855636,10.528356557533671,0.19186507936507938
40,126,,,,1.911838018193155,111.73809069320116,0.4714045207910317,7.7781745930520225,42.79989356245423,1.40028355878372,3.5355339059327378,0.0,4.242640687119285,2.1213203435596424,1.4142135623730951,51.3076680428959,2.70374725438926,158.021523292,0.6666666666666666,11,60.5281899441477,1.9803,5,0,6,3,2,72.56000000000002,2.70374725438926,176.032087976,0.6666666666666666,12,67.37742113246578,-0.8247,6,0,6,3,2,104.06000000000002,0.0,18.010564684,0.0,1,6.84923118831809,-2.805,1,0,0,0,0,31.5,0.0009211624124528,6.057359244341172,0.0002271322787185,0.3370810159321899,2.3036989213357844,-0.2755746850773196,0.3350368254237226,0.0,0.0020441905084672,0.0010220952542336,0.0006813968361557,10.524721077215728,0.08928571428571429
40,127,,,,1.541382913817133,92.12604465532856,0.5091750772173156,6.350852961085884,35.48033821196599,1.2929582475857442,2.8867513459481287,0.0,3.4641016151377544,2.516611478423584,1.0,45.79049137102594,2.70374725438926,161.068807832,1.0,11,62.3392701932689,2.430299999999998,5,0,6,5,2,84.67000000000002,2.70374725438926,179.079372516,1.0,12,69.18850138158699,-0.8247,6,0,6,5,2,116.17000000000002,0.0,18.010564684,0.0,1,6.84923118831809,-3.254999999999998,1,0,0,0,0,31.5,0.0018016184219812,6.111193164859001,0.0005614691298058,0.3407574674513862,2.324534750157351,-0.2763871007877591,0.3367079397506302,0.0,0.0040495277007561,0.0026938934953756,0.0010152777444199,10.553023868328273,0.18015873015873016
42,131,50.0,5.0,16.0,0.9644356982127352,93.19832282599818,0.2995588455378922,6.740425308044985,42.85863474460621,3.678209611346262,1.3374935098492586,0.0,1.646545204697129,1.3374935098492586,6.81175454637056,23.384863480465302,3.287096208030444,322.32356596399995,1.0,23,144.50956009408003,11.114300000000007,5,0,6,5,20,78.88,3.287096208030444,340.3341306479999,1.0,24,151.35879128239813,7.892900000000008,6,0,6,5,20,110.38,0.0,18.010564684,0.0,1,6.84923118831809,-3.2213999999999987,1,0,0,0,0,31.5,0.0020194688010148,4.627821635186592,0.0007582678162459,0.258516263851261,1.7603110593077895,-0.2078666157482013,0.2537547329871736,0.0,0.0045026188978878,0.0037547329871736,0.0009548823970372,7.934082000552031,0.7050779575150654
42,132,50.0,5.0,16.0,0.9644356982127352,93.19832282599818,0.2995588455378922,6.740425308044985,42.85863474460621,3.678209611346262,1.3374935098492586,0.0,1.646545204697129,1.3374935098492586,6.81175454637056,23.384863480465302,3.287096208030444,322.32356596399995,1.0,23,144.50956009408003,11.114300000000007,5,0,6,5,20,78.88,3.287096208030444,340.3341306479999,1.0,24,151.35879128239813,7.892900000000008,6,0,6,5,20,110.38,0.0,18.010564684,0.0,1,6.84923118831809,-3.2213999999999987,1,0,0,0,0,31.5,0.0024611957989348,4.663583934852068,0.0008512360000221,0.261115809390072,1.7763739693095826,-0.206958602317118,0.2538903206201193,0.0,0.0046377947296989,0.0038903206201193,0.0028162992082188,7.93484786818252,0.4855018239708834
42,133,50.0,5.0,16.0,0.9644356982127352,93.19832282599818,0.2995588455378922,6.740425308044985,42.85863474460621,3.678209611346262,1.3374935098492586,0.0,1.646545204697129,1.3374935098492586,6.81175454637056,23.384863480465302,3.287096208030444,322.32356596399995,1.0,23,144.50956009408003,11.114300000000007,5,0,6,5,20,78.88,3.287096208030444,340.3341306479999,1.0,24,151.35879128239813,7.892900000000008,6,0,6,5,20,110.38,0.0,18.010564684,0.0,1,6.84923118831809,-3.2213999999999987,1,0,0,0,0,31.5,0.0029514333981918,4.703273661797586,0.0009544139797161,0.2640008378581226,1.7942009132669106,-0.2059508705582639,0.2540407985306324,0.0,0.004787815614944,0.0040407985306324,0.004882137413778,7.935697843643131,0.746901240259471
42,134,50.0,5.0,16.0,0.9644356982127352,93.19832282599818,0.2995588455378922,6.740425308044985,42.85863474460621,3.678209611346262,1.3374935098492586,0.0,1.646545204697129,1.3374935098492586,6.81175454637056,23.384863480465302,3.287096208030444,322.32356596399995,1.0,23,144.50956009408003,11.114300000000007,5,0,6,5,20,78.88,3.287096208030444,340.3341306479999,1.0,24,151.35879128239813,7.892900000000008,6,0,6,5,20,110.38,0.0,18.010564684,0.0,1,6.84923118831809,-3.2213999999999987,1,0,0,0,0,31.5,0.003441071875525,4.742914883721054,0.0010574658650637,0.2668823405178537,1.812006070823165,-0.2049443703536416,0.2541910925413072,0.0,0.0049376531588837,0.0041910925413072,0.0069454509477049,7.936546780344301,0.7922516566239621
46,148,,4.0,12.0,1.0975679894056498,54.80938576415732,0.3477775604383779,3.7416573867739418,21.27984723973076,2.830588472434271,2.8722813232690143,0.0,2.7386127875258306,2.351122663277647,1.69148192751537,49.73376052653882,3.6257596603687854,190.04773804,1.0,13,72.63938894020346,6.696400000000001,7,0,6,5,4,127.45,3.6257596603687854,208.058302724,1.0,14,79.48862012852155,3.4750000000000023,7,0,6,5,4,127.45,0.0,18.010564684,0.0,1,6.84923118831809,-3.2213999999999987,0,0,0,0,0,0.0,0.0037469157588437,6.194409085469762,0.0011171633410341,0.3466268555399001,2.359728026512357,-0.2755849612794273,0.3377695241227367,0.0,0.0056398801313361,0.0043786689981448,0.0022241247179481,10.562951122581012,0.16373584726893742
46,149,,4.0,12.0,1.4002698890998744,58.34635992715833,0.3829708431025352,4.1311822359545785,24.5570185973643,2.929980644589085,2.503331114069145,0.0,2.6394443859772205,2.1602468994692865,2.041241452319315,42.82880311970749,3.6257596603687854,162.05282342,1.0,11,61.956814904756186,6.696400000000001,6,0,6,5,4,110.38,3.6257596603687854,180.063388104,1.0,12,68.80604609307427,3.4750000000000023,6,0,6,5,4,110.38,0.0,18.010564684,0.0,1,6.84923118831809,-3.2213999999999987,0,0,0,0,0,0.0,0.0016342763707712,6.0746774147243245,0.0003385842744098,0.3384922030412067,2.314070585798832,-0.2739366555051861,0.3340584072234594,0.0,0.0012387328573535,0.0006935442824883,0.0014350664601791,10.50505404008532,0.2575046978382049
46,150,,4.0,12.0,1.2645411110284464,59.39931855872607,0.3638419332360584,4.08248290463863,23.483217797119256,3.153662864262534,3.0237157840738176,0.0,2.9680841985233184,2.672612419124244,1.772810520855837,54.34244486849772,3.6257596603687854,176.032087976,1.0,12,65.95513534849599,6.696400000000001,7,0,6,5,4,127.45,3.6257596603687854,194.04265266,1.0,13,72.80436653681407,3.4750000000000023,7,0,6,5,4,127.45,0.0,18.010564684,0.0,1,6.84923118831809,-3.2213999999999987,0,0,0,0,0,0.0,0.0013031933570684,6.053295169512623,0.0001947497005833,0.3370206642587111,2.30578327081158,-0.2736897968265237,0.3334426647132673,0.0,0.0004740800611844,0.0001641209747942,0.0013852459452351,10.496775052649967,0.17335417752301543
49,155,,25.0,7.0,1.0013396328044737,62.55489780752132,0.3726779962499649,4.259443290250164,23.608856233045916,0.9072273377610218,2.0586634591635518,0.0,2.225394561056748,1.799470821684875,0.6900655593423543,32.919615949851455,2.757578124770353,176.032087976,1.0,12,65.95513534849599,2.3966999999999987,6,0,6,5,2,95.95,2.757578124770353,194.04265266,1.0,13,72.80436653681407,-0.8247,7,0,6,5,2,127.45,0.0,18.010564684,0.0,1,6.84923118831809,-3.2213999999999987,1,0,0,0,0,31.5,0.000964708881725,2.623796362755703,0.0003613277163683,0.1463154337006288,0.9978933059323764,-0.1185118524527311,0.1444221562950167,0.0,0.001893277405612,0.0015810976140071,0.0003997573365745,4.523954177352846,-0.10032931009115617
49,156,,25.0,7.0,0.8914245047966073,62.33181726078334,0.3480545579483796,4.226240777701989,23.497191026802675,1.2113288147732633,2.0682789409984763,0.0,2.333333333333334,1.8782379449307745,0.6666666666666665,35.060800919418696,2.8030394876740514,176.032087976,1.0,12,65.95513534849599,3.345899999999998,6,0,6,5,2,95.95,2.8030394876740514,194.04265266,1.0,13,72.80436653681407,0.0908999999999999,7,0,6,5,2,127.45,0.0,18.010564684,0.0,1,6.84923118831809,-3.254999999999998,1,0,0,0,0,31.5,0.0013063285401705,2.628967965291643,0.000419422187857,0.1466889819366278,1.0000984613771209,-0.1184077112977073,0.1445428733078329,0.0,0.0020179464446104,0.0017136939695448,0.0003989332318016,4.525259085328907,0.14210554070611817
48,157,80.0,28.0,8.0,1.3782244342377858,85.76232789567075,0.45133546692422,5.852349955359813,31.97953749873887,1.1402077398439276,3.0000000000000004,0.0,2.8722813232690143,2.362907813126304,0.816496580927726,48.458449813560215,2.757578124770353,176.032087976,1.0,12,65.95513534849599,2.3043999999999984,6,0,6,5,2,95.95,2.757578124770353,194.04265266,1.0,13,72.80436653681407,-0.8247,7,0,6,5,2,127.45,0.0,18.010564684,0.0,1,6.84923118831809,-3.1290999999999984,1,0,0,0,0,31.5,0.0032848986785494,4.638011295837568,0.0011151454505945,0.2591937463296643,1.763949957286023,-0.2078552369180433,0.2542317482627631,0.0,0.0049619980669011,0.0045001232911533,0.0019223743840239,7.940632876515794,0.21588661043187074
49,161,,25.0,7.0,0.8914245047966073,62.33181726078334,0.3480545579483796,4.226240777701989,23.497191026802675,1.2113288147732633,2.0682789409984763,0.0,2.333333333333334,1.8782379449307745,0.6666666666666665,35.060800919418696,2.8030394876740514,176.032087976,1.0,12,65.95513534849599,3.345899999999998,6,0,6,5,2,95.95,2.8030394876740514,194.04265266,1.0,13,72.80436653681407,0.0908999999999999,7,0,6,5,2,127.45,0.0,18.010564684,0.0,1,6.84923118831809,-3.254999999999998,1,0,0,0,0,31.5,0.0015337549903527,2.632410856171677,0.000458097419505,0.1469376641982742,1.0015664994788516,-0.1183383814081082,0.1446232382429959,0.0,0.0021009423621055,0.0018019673393627,0.0003983846005433,4.52612780169658,-0.014716940210200908
49,162,,25.0,7.0,0.8914245047966073,62.33181726078334,0.3480545579483796,4.226240777701989,23.497191026802675,1.2113288147732633,2.0682789409984763,0.0,2.333333333333334,1.8782379449307745,0.6666666666666665,35.060800919418696,2.8030394876740514,176.032087976,1.0,12,65.95513534849599,3.345899999999998,6,0,6,5,2,95.95,2.8030394876740514,194.04265266,1.0,13,72.80436653681407,0.0908999999999999,7,0,6,5,2,127.45,0.0,18.010564684,0.0,1,6.84923118831809,-3.254999999999998,1,0,0,0,0,31.5,0.0017371070578131,2.635495075491891,0.0004924913526434,0.147160720555569,1.0028874619683716,-0.1182769712758911,0.1446950881522698,0.0,0.0021754404606809,0.0018817194142101,0.0003978603545158,4.526947651688231,0.1160349680819972
49,163,,25.0,7.0,1.36710899912435,68.29141647512313,0.478713553878169,4.645786621588784,26.31620636227485,1.4219524262435776,2.160246899469287,0.0,2.6457513110645907,2.217355782608345,0.957427107756338,38.62242914853148,2.8030394876740514,161.068807832,1.0,11,62.3392701932689,3.345899999999998,5,0,6,5,2,84.67000000000002,2.8030394876740514,179.079372516,1.0,12,69.18850138158699,0.0908999999999999,6,0,6,5,2,116.17000000000002,0.0,18.010564684,0.0,1,6.84923118831809,-3.254999999999998,1,0,0,0,0,31.5,0.0021012042977965,2.6410011764440764,0.000554595577025,0.1475581486539378,1.0052293856711163,-0.1181653971408574,0.1448237559346034,0.0,0.0023080245896368,0.0020222172818333,0.0003970157165489,4.528295326629609,0.2109567281065642
50,165,,25.0,4.0,1.338358688279038,78.26095656202882,0.5,5.315072906367325,29.7609262757898,1.1911180713934275,2.449489742783178,0.0,2.8722813232690143,2.362907813126304,0.816496580927726,38.98114619060519,2.7541847860376616,162.05282342,1.0,11,61.79361324845219,2.3966999999999987,5,0,6,5,2,78.88,2.7541847860376616,180.063388104,1.0,12,68.64284443677028,-0.8247,6,0,6,5,2,110.38,0.0,18.010564684,0.0,1,6.84923118831809,-3.2213999999999987,1,0,0,0,0,31.5,0.0012820554579227,4.5712603277537465,0.0004817742632371,0.2546550623784608,1.7385563173786958,-0.2071628298431195,0.2520866440576119,0.0,0.0025684183208489,0.0021940531438031,0.0005891833494283,7.907665196391301,0.3874295981474235
51,170,,5.0,15.0,1.0907247797756072,81.28956883931181,0.2999484198673109,5.9338458284479785,35.36396802155001,1.662333166452945,1.3945382182304158,0.7451598203705946,1.2732056517228263,1.0894228312566052,1.6375527311718607,26.34865073944913,3.716136771182721,398.145284324,1.0,29,173.7910025832228,8.657200000000003,5,3,6,5,6,96.21999999999998,3.716136771182721,416.155849008,1.0,30,180.6402337715409,5.402200000000004,6,3,6,5,6,127.71999999999998,0.0,18.010564684,0.0,1,6.84923118831809,-3.254999999999998,1,0,0,0,0,31.5,0.0016508559599061,3.647250782459218,0.0003521206161527,0.2031675190148889,1.3879453242160258,-0.1648648305118781,0.2012457189418995,1.976739842286393e-05,0.0013012689752281,0.0012150796607337,0.0004350146267713,6.317250611845959,0.5041005604084059
51,171,,5.0,15.0,1.037553498148302,80.11931329781659,0.3016056352177887,5.805654804208368,34.37857817577161,1.7964534377079786,1.67034226733424,0.7162311170195085,1.6089576093684348,1.296849328880646,1.590012115720672,29.21923625113372,3.716136771182721,398.145284324,1.0,29,173.7910025832228,8.657200000000003,6,3,6,5,6,96.21999999999998,3.716136771182721,416.155849008,1.0,30,180.6402337715409,5.402200000000004,7,3,6,5,6,127.71999999999998,0.0,18.010564684,0.0,1,6.84923118831809,-3.254999999999998,1,0,0,0,0,31.5,0.0018133544516798,3.649660212572428,0.0003997137940565,0.2033226477677582,1.388801700573722,-0.1648636844256869,0.2013174294320349,7.904473197581665e-06,0.0014398867533118,0.0013050038626883,0.0002744503396205,6.317240563046064,0.6388438358717743
51,172,,5.0,15.0,1.037553498148302,80.11931329781659,0.3016056352177887,5.805654804208368,34.37857817577161,1.7964534377079786,1.67034226733424,0.7162311170195085,1.6089576093684348,1.296849328880646,1.590012115720672,29.21923625113372,3.716136771182721,398.145284324,1.0,29,173.7910025832228,8.657200000000003,6,3,6,5,6,96.21999999999998,3.716136771182721,416.155849008,1.0,30,180.6402337715409,5.402200000000004,7,3,6,5,6,127.71999999999998,0.0,18.010564684,0.0,1,6.84923118831809,-3.254999999999998,1,0,0,0,0,31.5,0.0015839390924856,3.6438173455142833,0.0003482546143326,0.2029153503426147,1.3864800686310923,-0.1648733834725353,0.2011553015206119,7.907766074708338e-06,0.0012577526447073,0.001142696992184,0.000254762473215,6.3151975959437,0.725137808016769
51,173,,5.0,15.0,1.037553498148302,80.11931329781659,0.3016056352177887,5.805654804208368,34.37857817577161,1.7964534377079786,1.67034226733424,0.7162311170195085,1.6089576093684348,1.296849328880646,1.590012115720672,29.21923625113372,3.716136771182721,398.145284324,1.0,29,173.7910025832228,8.657200000000003,6,3,6,5,6,96.21999999999998,3.716136771182721,416.155849008,1.0,30,180.6402337715409,5.402200000000004,7,3,6,5,6,127.71999999999998,0.0,18.010564684,0.0,1,6.84923118831809,-3.254999999999998,1,0,0,0,0,31.5,0.0013543325120919,3.63796960833737,0.0002967525425978,0.2025077134288579,1.3841565015728443,-0.164883090603687,0.2009930384731031,7.911061696498297e-06,0.0010754667245467,0.0009802548364287,0.0002350581966727,6.31315292599711,0.8036933566551896
52,175,,4.0,14.0,1.1792156460553826,642.5467444065185,0.4597501116683165,46.37851514081349,254.5132988012737,3.109559823351212,16.990193249832878,4.0824829046386295,17.232720814388735,8.953584012375527,8.189424074174367,282.91684484432307,2.757578124770353,1682.162409499999,1.0,121,664.6493247924856,8.05950000000001,45,10,46,25,21,746.4800000000005,2.757578124770353,1700.172974183999,1.0,122,671.4985559808036,4.838100000000011,46,10,46,25,21,777.9800000000005,0.0,18.010564684,0.0,1,6.84923118831809,-3.2213999999999987,1,0,0,0,0,31.5,0.0627484754052385,6.606507350455496,0.0214162563858004,0.4177315566315506,2.5054899457418878,-0.1717785650076621,0.2730340996197623,0.0007596843436137,0.1424184039809469,0.1177743297558464,0.0250650298112699,6.570307221829815,
53,180,5.0,25.0,14.0,1.0080264587890535,83.04147205404693,0.2564868297343169,6.08789783094296,36.6004294584804,1.68803866946969,1.1954775893619531,0.7932002689527194,0.806225774829855,0.8850612031567835,1.547847968417226,23.91905661984463,3.716136771182721,398.145284324,0.8333333333333334,29,173.7910025832228,7.128500000000003,5,3,3,4,6,96.21999999999998,3.716136771182721,416.155849008,0.8333333333333334,30,180.6402337715409,5.402200000000004,6,3,3,4,6,127.71999999999998,0.0,18.010564684,0.0,1,6.84923118831809,-1.7262999999999993,1,0,0,0,0,31.5,0.0010538117741156,3.0255603548561427,0.0002000694416783,0.1683348333713348,1.151049338515948,-0.1374743977118522,0.1674168069416441,2.4034616599074885e-06,0.000740856267198,0.0007414601927256,0.0004275973048894,5.262202742794831,0.1368950055080423
55,187,,12.5,7.0,1.5209767586201912,175.08666812991362,0.5773502691896258,8.621678104251709,105.88365832140788,9.772297514402638,4.509249752822894,0.0,5.033222956847167,2.8867513459481287,2.0816659994661326,76.8716352109151,2.6344090590615923,349.80871280600013,1.0,17,206.43916708209363,18.0099,9,0,10,5,4,153.47000000000003,2.634408987061597,367.8192774900001,1.0,18,213.28839827041173,-0.8247,10,0,10,5,4,184.97000000000003,-7.19999952990003e-08,18.010564684,0.0,1,6.84923118831809,-18.8346,1,0,0,0,0,31.5,0.0003779357412401,2.620477934829239,0.0001434613031329,0.1456226109721925,1.0018239643907825,-0.1194208716751127,0.144203069609589,0.0,0.0015592347485548,0.0007173065156649,0.0004228480750357,4.52286624050725,0.11602135079339725
55,189,,12.5,7.0,0.8953956015560178,65.77237502659891,0.2742905532855101,3.4127787539671264,39.10075894483661,5.434129943615089,2.6321292854195817,0.3233808333817772,2.645133649958692,1.1991282236408358,1.3527990831890462,49.309623479064,3.462904769086804,349.80871280600013,1.0,17,206.43916708209363,23.949900000000003,10,1,10,5,4,184.97000000000003,3.4629046970868087,367.8192774900001,1.0,18,213.28839827041173,5.115300000000005,10,1,10,5,4,184.97000000000003,-7.19999952990003e-08,18.010564684,0.0,1,6.84923118831809,-18.8346,0,0,0,0,0,0.0,0.005332380422461,2.841954476258389,0.0010229825309888,0.162459775910665,1.1059949919330632,-0.1125373934817944,0.1432586203803373,0.0009636923244323,0.0023600246007903,0.0015283973112064,0.0021586089055795,4.484115142657992,0.23109665665106507
58,198,70.0,20.0,4.0,1.5719190673773953,83.54930047879773,0.5,5.686240703077327,32.19466740571946,1.7291485505878308,2.6457513110645907,0.0,3.214550253664318,2.6457513110645907,0.5773502691896258,47.298917887551454,2.8030394876740514,161.068807832,1.0,11,62.3392701932689,3.345899999999998,5,0,6,5,1,84.67000000000002,2.8030394876740514,179.079372516,1.0,12,69.18850138158699,0.0908999999999999,6,0,6,5,1,116.17000000000002,0.0,18.010564684,0.0,1,6.84923118831809,-3.254999999999998,1,0,0,0,0,31.5,0.002038816685217,4.578916272157727,0.0005629990321486,0.2552580824201474,1.7421846304396431,-0.206746435368419,0.2522540510006505,0.0,0.0026300686461016,0.0022540510006505,0.000376017645451,7.909006398126033,0.19063279320166887
58,199,70.0,20.0,4.0,2.909239255362925e-07,291.36545755406416,0.5892556509887896,18.384776310850235,123.65871472736644,6.513655536256122,9.192388155425116,0.0,9.899494936611664,7.071067811865476,7.071067811865476,177.52622848469463,4.114285611122452e-07,412.0529816799999,0.8333333333333334,26,174.87983147306718,9.211700000000004,13,0,14,10,10,251.06,0.0,430.0635463639999,0.8333333333333334,27,181.72906266138529,-0.8247,14,0,14,10,10,282.56,-4.114285611122452e-07,18.010564684,0.0,1,6.84923118831809,-10.036400000000004,1,0,0,0,0,31.5,-4.305735063216252e-11,4.545763869296056,8.721107117552075e-05,0.2527209854206762,1.7306095459952353,-0.207139034669217,0.2513604927103381,0.0,0.0014651459957487,0.0010465328541062,0.0010465328541062,7.901274253835191,-0.02512941885615002
58,200,70.0,20.0,4.0,1.5711652491362993,185.20147121283023,0.4409585518440984,11.63328557774343,78.70136723183495,4.576613890203107,5.909032633745278,0.0,6.3966136874651625,4.546060565661952,4.856267428111155,117.00867101059931,2.8030398991026124,412.0529816799999,1.0,26,174.87983147306718,10.127300000000004,13,0,14,10,10,251.06,2.8030394876740514,430.0635463639999,1.0,27,181.72906266138529,0.0908999999999999,14,0,14,10,10,282.56,-4.114285611122452e-07,18.010564684,0.0,1,6.84923118831809,-10.036400000000004,1,0,0,0,0,31.5,0.0020379657261219,4.621877825714922,0.0006497136140625,0.2579687140024448,1.7604190291254156,-0.2077073407231049,0.2536095232969102,0.0,0.0040897234732233,0.0032965049025657,0.0014192553593466,7.935187671316562,0.18075559337659114
59,203,90.0,4.0,15.0,1.5209767378355823,80.80081292990214,0.5773502691896258,5.859465277082316,34.057430932122344,2.7811403098968834,3.2145502536643185,0.0,3.4641016151377544,2.8867513459481287,0.5773502691896258,60.07873694855223,2.634408987061597,161.068807832,1.0,11,62.3392701932689,5.5481,6,0,6,5,1,116.17000000000002,2.634408987061597,179.079372516,1.0,12,69.18850138158699,-0.8247,6,0,6,5,1,116.17000000000002,-0.0,18.010564684,0.0,1,6.84923118831809,-6.3728,0,0,0,0,0,0.0,0.0001763093552815,6.064405582807869,6.692558222639782e-05,0.3351600478546128,2.317206754348494,-0.2780878426351138,0.3331226946860707,0.0,0.0004015534933583,0.0003346279111319,6.692558222639782e-05,10.48849069245768,0.6140084828787817
59,204,90.0,4.0,15.0,1.5209767378355823,80.80081292990214,0.5773502691896258,5.859465277082316,34.057430932122344,2.7811403098968834,3.2145502536643185,0.0,3.4641016151377544,2.8867513459481287,0.5773502691896258,60.07873694855223,2.634408987061597,161.068807832,1.0,11,62.3392701932689,5.5481,6,0,6,5,1,116.17000000000002,2.634408987061597,179.079372516,1.0,12,69.18850138158699,-0.8247,6,0,6,5,1,116.17000000000002,-0.0,18.010564684,0.0,1,6.84923118831809,-6.3728,0,0,0,0,0,0.0,0.0001760214195007,6.114328722221949,6.681628417045482e-05,0.3362458167320046,2.3470596912082264,-0.2811028893433697,0.3325786626177875,0.0,0.0004008977050227,0.0003340814208522,6.681628417045482e-05,10.471361642484174,0.5735270824411449
59,205,90.0,4.0,15.0,1.5209767378355823,80.80081292990214,0.5773502691896258,5.859465277082316,34.057430932122344,2.7811403098968834,3.2145502536643185,0.0,3.4641016151377544,2.8867513459481287,0.5773502691896258,60.07873694855223,2.634408987061597,161.068807832,1.0,11,62.3392701932689,5.5481,6,0,6,5,1,116.17000000000002,2.634408987061597,179.079372516,1.0,12,69.18850138158699,-0.8247,6,0,6,5,1,116.17000000000002,-0.0,18.010564684,0.0,1,6.84923118831809,-6.3728,0,0,0,0,0,0.0,0.0001054406535951,3.6984534394371225,4.002440551675124e-05,0.202396826995274,1.4260891678223793,-0.1704648625156061,0.1992218427602888,0.0,0.0002401464331005,0.0002001220275837,4.002440551675124e-05,6.272573069495314,0.7698403153800576
59,206,90.0,4.0,15.0,1.5209767378355823,80.80081292990214,0.5773502691896258,5.859465277082316,34.057430932122344,2.7811403098968834,3.2145502536643185,0.0,3.4641016151377544,2.8867513459481287,0.5773502691896258,60.07873694855223,2.634408987061597,161.068807832,1.0,11,62.3392701932689,5.5481,6,0,6,5,1,116.17000000000002,2.634408987061597,179.079372516,1.0,12,69.18850138158699,-0.8247,6,0,6,5,1,116.17000000000002,-0.0,18.010564684,0.0,1,6.84923118831809,-6.3728,0,0,0,0,0,0.0,0.0001052690161018,3.72821244499843,3.995925333496096e-05,0.2030440499552043,1.4438843971380175,-0.1722621211177621,0.1988975471824149,0.0,0.0002397555200097,0.0001997962666748,3.995925333496096e-05,6.262362503825685,0.6871923783152745
60,208,70.0,2.0,24.0,1.36710899912435,68.29141647512313,0.478713553878169,4.645786621588784,26.31620636227485,1.4219524262435776,2.160246899469287,0.0,2.6457513110645907,2.217355782608345,0.957427107756338,38.62242914853148,2.8030394876740514,161.068807832,1.0,11,62.3392701932689,3.345899999999998,5,0,6,5,2,84.67000000000002,2.8030394876740514,179.079372516,1.0,12,69.18850138158699,0.0908999999999999,6,0,6,5,2,116.17000000000002,0.0,18.010564684,0.0,1,6.84923118831809,-3.254999999999998,1,0,0,0,0,31.5,0.0014583259287341,3.04723389576824,0.0003999662054628,0.1698011257862281,1.1594245769417542,-0.1376991453027615,0.167967859124761,0.0,0.0015690506656473,0.0014019639832577,0.0003686297327163,5.268621202993198,0.2794734574914067
60,209,70.0,2.0,24.0,1.0603573552480048,186.3042012084959,0.3335138064475886,13.135964807678628,79.93766992333757,3.856348919824112,3.0237157840738176,0.0,3.440826312717008,1.6420805617960927,10.636023693091325,40.29197607110237,3.2329128954416952,586.4080834359999,1.0,41,246.733285933766,9.363500000000004,9,0,10,5,30,101.64,3.2329128954416952,604.4186481199998,1.0,42,253.58251712208408,6.108500000000007,10,0,10,5,30,133.14,0.0,18.010564684,0.0,1,6.84923118831809,-3.254999999999998,1,0,0,0,0,31.5,0.0014586352272775,3.0472703120539104,0.0004000550114618,0.1698037189850103,1.1594405009080373,-0.137698442986336,0.1679681642324003,0.0,0.001569380352338,0.0014021205105714,0.0003705955992408,5.268624189210168,0.15815033038010748
59,210,90.0,4.0,15.0,1.862808459170039,113.8928462556401,0.7071067811865476,7.7781745930520225,44.080520687880856,1.718481610317665,3.5355339059327378,0.0,4.242640687119285,3.5355339059327378,0.7071067811865476,59.87073116306499,2.634408987061597,161.068807832,1.0,11,62.3392701932689,2.430299999999998,5,0,6,5,1,84.67000000000002,2.634408987061597,179.079372516,1.0,12,69.18850138158699,-0.8247,6,0,6,5,1,116.17000000000002,0.0,18.010564684,0.0,1,6.84923118831809,-3.254999999999998,1,0,0,0,0,31.5,0.0001765982346163,6.0143188472728335,6.703523844767641e-05,0.3340707209562578,2.2872559906147565,-0.2750629157399993,0.3336685095255717,0.0,0.000402211430686,0.0003351761922383,6.703523844767641e-05,10.505675873639364,0.17876963058998838
62,225,85.0,4.0,15.0,1.5719190673773953,83.54930047879773,0.5,5.686240703077327,32.19466740571946,1.7291485505878308,2.6457513110645907,0.0,3.214550253664318,2.6457513110645907,0.5773502691896258,47.298917887551454,2.8030394876740514,161.068807832,1.0,11,62.3392701932689,3.345899999999998,5,0,6,5,1,84.67000000000002,2.8030394876740514,179.079372516,1.0,12,69.18850138158699,0.0908999999999999,6,0,6,5,1,116.17000000000002,0.0,18.010564684,0.0,1,6.84923118831809,-3.254999999999998,1,0,0,0,0,31.5,0.0022793053192174,6.078341557116678,0.0005838391344199,0.3385083959578089,2.3125095231533668,-0.2752559430862937,0.3355042282929467,0.0,0.0025053005232045,0.0021708949596133,0.0003344055635911,10.531207548490876,0.19536913490936478
62,226,85.0,4.0,15.0,1.911838018193155,111.73809069320116,0.4714045207910317,7.7781745930520225,42.79989356245423,1.40028355878372,3.5355339059327378,0.0,4.242640687119285,2.1213203435596424,1.4142135623730951,51.3076680428959,2.70374725438926,158.021523292,0.6666666666666666,11,60.5281899441477,1.9803,5,0,6,3,2,72.56000000000002,2.70374725438926,176.032087976,0.6666666666666666,12,67.37742113246578,-0.8247,6,0,6,3,2,104.06000000000002,0.0,18.010564684,0.0,1,6.84923118831809,-2.805,1,0,0,0,0,31.5,0.0009211624124528,6.057359244341172,0.0002271322787185,0.3370810159321899,2.3036989213357844,-0.2755746850773196,0.3350368254237226,0.0,0.0020441905084672,0.0010220952542336,0.0006813968361557,10.524721077215728,0.0954855064050466
62,227,85.0,4.0,15.0,1.3586296185504922,81.81358075258525,0.4166666666666666,5.619905100029122,31.308045875087952,1.5929546227058693,2.6299556396765835,0.0,3.2015621187164243,2.217355782608345,0.957427107756338,44.056430764040186,2.8030394876740514,161.068807832,1.0,11,62.3392701932689,3.345899999999998,5,0,6,5,2,84.67000000000002,2.8030394876740514,179.079372516,1.0,12,69.18850138158699,0.0908999999999999,6,0,6,5,2,116.17000000000002,0.0,18.010564684,0.0,1,6.84923118831809,-3.254999999999998,1,0,0,0,0,31.5,0.0031958434915814,6.131968510735277,0.0008098089536491,0.3422414433855504,2.3330498757259104,-0.2759285803939719,0.3372012529842495,0.0,0.0045418318760491,0.0031882244462587,0.0010137598274616,10.55583507308426,0.18584694573200322
63,231,80.0,4.0,16.0,1.5567054307507135,81.1268413107461,0.5773502691896258,5.507570547286102,30.91615530908751,1.215746364721413,2.516611478423583,0.0,3.0,2.516611478423584,1.0,39.8815049030667,2.7541847860376616,162.05282342,1.0,11,61.79361324845219,2.3966999999999987,5,0,6,5,2,78.88,2.7541847860376616,180.063388104,1.0,12,68.64284443677028,-0.8247,6,0,6,5,2,110.38,0.0,18.010564684,0.0,1,6.84923118831809,-3.2213999999999987,1,0,0,0,0,31.5,0.0010678147210909,4.5543513964160205,0.0003986722218302,0.2535063001409761,1.7321387961466683,-0.2069029148515805,0.2515538139595729,0.0,0.0019524861814031,0.001700329676099,0.0005451879383563,7.899166898903788,0.34174680899514276
63,233,80.0,4.0,16.0,1.5911098047485102,88.38531521208579,0.5357583756107197,6.027713773341707,33.05732513280332,1.165911940642745,3.055050463303893,0.0,3.0,2.516611478423584,1.0,49.18562832101806,2.757578124770353,176.032087976,1.0,12,65.95513534849599,2.3043999999999984,6,0,6,5,2,95.95,2.757578124770353,194.04265266,1.0,13,72.80436653681407,-0.8247,7,0,6,5,2,127.45,0.0,18.010564684,0.0,1,6.84923118831809,-3.1290999999999984,1,0,0,0,0,31.5,0.002023213098574,4.603003037232145,0.0006588472987553,0.2568282997605859,1.750268266445184,-0.2074532298448782,0.2532727083195754,0.0,0.0035555914410105,0.0031044344282264,0.0010169232556545,7.926545873691334,0.4140930806024406
63,234,80.0,4.0,16.0,1.0198613634727525,66.98221876368261,0.365879533244789,4.577377082170634,25.40482327851515,0.8400183251969363,2.193062655175134,0.0,2.225394561056748,1.7182493859684491,0.816496580927726,33.65840678967214,2.8159548580209925,190.04773804,1.0,13,72.63938894020346,2.3966999999999987,6,0,6,5,2,95.95,2.8159548580209925,208.058302724,1.0,14,79.48862012852155,-0.8247,7,0,6,5,2,127.45,0.0,18.010564684,0.0,1,6.84923118831809,-3.2213999999999987,1,0,0,0,0,31.5,0.0039296878043372,4.682719939184882,0.0014594911142471,0.2622366228551766,1.7815340815857836,-0.2085099844741208,0.2553723782003887,0.0,0.0067483116590999,0.0058145536562022,0.0019388016351051,7.956463274250697,0.3038058236155382
63,235,80.0,4.0,16.0,1.015185790834471,64.91765408987477,0.365510442529189,4.429339411136566,24.437988235799832,0.8972636287757397,2.193062655175134,0.0,2.225394561056748,1.799470821684875,0.6900655593423543,35.339061956990314,2.757578124770353,176.032087976,1.0,12,65.95513534849599,2.3966999999999987,6,0,6,5,2,95.95,2.757578124770353,194.04265266,1.0,13,72.80436653681407,-0.8247,7,0,6,5,2,127.45,0.0,18.010564684,0.0,1,6.84923118831809,-3.2213999999999987,1,0,0,0,0,31.5,0.0006725502437107,4.535128391362447,0.000236183472488,0.2522091162979588,1.7246956303173864,-0.2065952206918561,0.2510139852421463,0.0,0.0011852611810555,0.0010240582881237,0.0003272571907189,7.890685470943413,0.3529506843792587
65,245,,,,1.862808459170039,114.58865035070816,0.7071067811865476,7.7781745930520225,43.69468296199943,1.6947228224697977,3.5355339059327378,0.0,4.242640687119285,3.5355339059327378,0.7071067811865476,55.776582899994864,2.634408987061597,162.05282342,1.0,11,61.79361324845219,2.3966999999999987,5,0,6,5,1,78.88,2.634408987061597,180.063388104,1.0,12,68.64284443677028,-0.8247,6,0,6,5,1,110.38,0.0,18.010564684,0.0,1,6.84923118831809,-3.2213999999999987,1,0,0,0,0,31.5,0.0006580985598732,4.543123393099863,0.0002498088045954,0.2527478968505496,1.7277443857367505,-0.2067737167619738,0.2512490440229771,0.0,0.0014988528275725,0.0012490440229771,0.0002498088045954,7.894704918506488,0.29935379598547984
66,252,85.0,5.0,20.0,1.338358688279038,78.26095656202882,0.5,5.315072906367325,29.7609262757898,1.191118071393428,2.449489742783178,0.0,2.8722813232690143,2.362907813126304,0.816496580927726,38.98114619060519,2.7541847860376616,162.05282342,1.0,11,61.7936132484522,2.3967000000000005,5,0,6,5,2,78.88,2.7541847860376616,180.063388104,1.0,12,68.64284443677029,-0.8247,6,0,6,5,2,110.38,0.0,18.010564684,0.0,1,6.84923118831809,-3.2214000000000005,1,0,0,0,0,31.5,0.0014564910590354,4.575940759505052,0.0005451048796554,0.254971145351238,1.740389954508484,-0.2072160952932071,0.2522130202357913,0.0,0.0027581251154467,0.0023838549566198,0.0007159396004839,7.909509095629247,-0.07955128564131451
66,253,85.0,5.0,20.0,0.9583781950744222,178.86283614424428,0.3434909512725929,12.4949989995998,75.5958111186876,3.6806271386962246,3.5456210417116734,0.0,3.732100136460895,2.167124493754009,10.742937879635823,52.033406834318605,3.066157800884338,586.4080834359999,1.0,41,246.733285933766,9.329900000000007,10,0,10,5,30,133.14,3.066157800884338,604.4186481199998,1.0,42,253.58251712208408,6.108500000000007,10,0,10,5,30,133.14,0.0,18.010564684,0.0,1,6.84923118831809,-3.2214000000000005,0,0,0,0,0,0.0,0.0014951949570295,4.577868724082259,0.0005544543043497,0.2551172265560233,1.7413099775867538,-0.2071510202667785,0.2521993676472967,0.0,0.0027594677595655,0.0023844402478203,0.0007401262910097,7.909050708808511,0.3296826660014327
66,258,85.0,5.0,20.0,0.9583781950744222,178.86283614424428,0.3434909512725929,12.4949989995998,75.5958111186876,3.6806271386962246,3.5456210417116734,0.0,3.732100136460895,2.167124493754009,10.742937879635823,52.033406834318605,3.066157800884338,586.4080834359999,1.0,41,246.733285933766,9.329900000000007,10,0,10,5,30,133.14,3.066157800884338,604.4186481199998,1.0,42,253.58251712208408,6.108500000000007,10,0,10,5,30,133.14,0.0,18.010564684,0.0,1,6.84923118831809,-3.2214000000000005,0,0,0,0,0,0.0,0.001533894078705,4.579796450735807,0.0005638025752627,0.2552632897334159,1.7422298871280533,-0.2070859532710413,0.2521857167436225,0.0,0.0027608102379931,0.002385025466792,0.0007643099967368,7.9085923785557615,0.11801966430457352
66,259,85.0,5.0,20.0,0.9583781950744222,178.86283614424428,0.3434909512725929,12.4949989995998,75.5958111186876,3.6806271386962246,3.5456210417116734,0.0,3.732100136460895,2.167124493754009,10.742937879635823,52.033406834318605,3.066157800884338,586.4080834359999,1.0,41,246.733285933766,9.329900000000007,10,0,10,5,30,133.14,3.066157800884338,604.4186481199998,1.0,42,253.58251712208408,6.108500000000007,10,0,10,5,30,133.14,0.0,18.010564684,0.0,1,6.84923118831809,-3.2214000000000005,0,0,0,0,0,0.0,0.0016112779966363,4.58365119044807,0.0005824956565994,0.2555553620193689,1.744069365683797,-0.2069558433656955,0.2521584199894875,0.0,0.0027634946978974,0.0023861956881023,0.0008126684560052,7.907675887712335,-0.18685222236089985
66,260,85.0,5.0,20.0,0.9583781950744222,178.86283614424428,0.3434909512725929,12.4949989995998,75.5958111186876,3.6806271386962246,3.5456210417116734,0.0,3.732100136460895,2.167124493754009,10.742937879635823,52.033406834318605,3.066157800884338,586.4080834359999,1.0,41,246.733285933766,9.329900000000007,10,0,10,5,30,133.14,3.066157800884338,604.4186481199998,1.0,42,253.58251712208408,6.108500000000007,10,0,10,5,30,133.14,0.0,18.010564684,0.0,1,6.84923118831809,-3.2214000000000005,0,0,0,0,0,0.0,0.0016886428198995,4.587504978994023,0.0006011841253732,0.2558473622357817,1.745908390343775,-0.2068257655652822,0.2521311299708924,0.0,0.0027661784954047,0.0023873656206576,0.0008610149827072,7.906759623015231,0.0931406161789705
66,261,85.0,5.0,20.0,0.9583781950744222,178.86283614424428,0.3434909512725929,12.4949989995998,75.5958111186876,3.6806271386962246,3.5456210417116734,0.0,3.732100136460895,2.167124493754009,10.742937879635823,52.033406834318605,3.066157800884338,586.4080834359999,1.0,41,246.733285933766,9.329900000000007,10,0,10,5,30,133.14,3.066157800884338,604.4186481199998,1.0,42,253.58251712208408,6.108500000000007,10,0,10,5,30,133.14,0.0,18.010564684,0.0,1,6.84923118831809,-3.2214000000000005,0,0,0,0,0,0.0,0.0017659885555611,4.591357816725677,0.0006198679832912,0.2561392904093262,1.7477469612759684,-0.20669571985792,0.2521038466853443,0.0,0.0027688616307602,0.0023885352645649,0.000909349581259,7.905843584380758,0.35698437621881596
68,264,35.0,20.0,7.0,1.281701422027408,262.4105359275932,0.4863869505085431,18.39157415774952,111.10197480070232,3.344626371759136,3.915780041490244,0.0,4.272001872658765,2.0615528128088303,14.522970311429637,47.40496492984675,2.7541847860376616,586.4080834359999,1.0,41,246.733285933766,7.717600000000004,9,0,10,5,30,101.64,2.7541847860376616,604.4186481199998,1.0,42,253.58251712208408,4.462600000000006,10,0,10,5,30,133.14,0.0,18.010564684,0.0,1,6.84923118831809,-3.254999999999998,1,0,0,0,0,31.5,0.000663989043418,3.6407672591503295,0.0002496718271094,0.2026467856790646,1.385069381523824,-0.1653335715490947,0.2010670514054058,0.0,0.0013178392623928,0.0010737938780107,0.0006741814838785,6.317099442152382,0.3385561757182807
67,269,60.0,24.0,5.0,1.5920884726475868,101.63217337895549,0.4811252243246882,6.928203230275509,38.07921514789236,1.3304459603205727,3.4641016151377544,0.0,3.4641016151377544,2.8867513459481287,0.5773502691896258,55.3967583287446,2.757578124770353,176.032087976,0.8333333333333334,12,65.95513534849599,2.3043999999999984,6,0,6,5,1,95.95,2.757578124770353,194.04265266,0.8333333333333334,13,72.80436653681407,-0.8247,7,0,6,5,1,127.45,0.0,18.010564684,0.0,1,6.84923118831809,-3.1290999999999984,1,0,0,0,0,31.5,0.0011340885275223,3.674508336827338,0.0003427187663138,0.2049351502349191,1.3969711128060556,-0.1658877133501123,0.2024675751174595,0.0,0.0024675751174595,0.0020563125978829,0.0004112625195765,6.339460638753374,0.102422572347637
67,270,60.0,24.0,5.0,1.3865315860363612,83.02702556446273,0.4811252243246882,6.18465843842649,33.18595536864624,1.1487806009707269,3.0000000000000004,0.0,3.2015621187164243,2.449489742783178,0.5773502691896257,49.04757783689901,2.8030394876740514,176.032087976,0.8333333333333334,12,65.95513534849599,2.3043999999999984,6,0,6,5,1,95.95,2.8030394876740514,194.04265266,0.8333333333333334,13,72.80436653681407,-0.8247,7,0,6,5,1,127.45,0.0,18.010564684,0.0,1,6.84923118831809,-3.1290999999999984,1,0,0,0,0,31.5,0.0011405127493799,3.6747645010270023,0.0003427148310064,0.2049419831349637,1.397018487814016,-0.165889514194741,0.2024721398288936,0.0,0.0024698433060701,0.0020608820316858,0.0004112577972077,6.339519964131181,0.1655221709841857
67,272,60.0,24.0,5.0,1.3865315860363612,83.02702556446273,0.4811252243246882,6.18465843842649,33.18595536864624,1.1487806009707269,3.0000000000000004,0.0,3.2015621187164243,2.449489742783178,0.5773502691896257,49.04757783689901,2.8030394876740514,176.032087976,0.8333333333333334,12,65.95513534849599,2.3043999999999984,6,0,6,5,1,95.95,2.8030394876740514,194.04265266,0.8333333333333334,13,72.80436653681407,-0.8247,7,0,6,5,1,127.45,0.0,18.010564684,0.0,1,6.84923118831809,-3.1290999999999984,1,0,0,0,0,31.5,0.0010348405400452,3.6678629905342586,0.0003088114397999,0.2044607495411074,1.3943834439556766,-0.1657975960805906,0.202232685571885,0.0,0.0022280639692223,0.001862111844125,0.0003705737277599,6.335676849495877,0.2186838996921153
67,273,60.0,24.0,5.0,1.3865315860363612,83.02702556446273,0.4811252243246882,6.18465843842649,33.18595536864624,1.1487806009707269,3.0000000000000004,0.0,3.2015621187164243,2.449489742783178,0.5773502691896257,49.04757783689901,2.8030394876740514,176.032087976,0.8333333333333334,12,65.95513534849599,2.3043999999999984,6,0,6,5,1,95.95,2.8030394876740514,194.04265266,0.8333333333333334,13,72.80436653681407,-0.8247,7,0,6,5,1,127.45,0.0,18.010564684,0.0,1,6.84923118831809,-3.1290999999999984,1,0,0,0,0,31.5,0.0010474611615552,3.668366295203565,0.0003088044748607,0.2044741813448378,1.3944765557665968,-0.1658011353115123,0.2022416568235593,0.0,0.0022325245212785,0.0018710914537263,0.0003705653698329,6.33579346106384,0.24175016577085087
69,275,85.0,4.0,16.0,1.091627902794185,203.79352290773943,0.3807668082547618,14.293355099485916,86.61192236099453,2.964386008377903,3.204163957519444,0.0,3.3714487489307423,1.9748417658131496,11.856081421222893,42.274909225213,2.757578124770353,586.4080834359999,1.0,41,246.733285933766,7.684000000000005,9,0,10,5,30,101.64,2.757578124770353,604.4186481199998,1.0,42,253.58251712208408,4.462600000000006,10,0,10,5,30,133.14,0.0,18.010564684,0.0,1,6.84923118831809,-3.2213999999999987,1,0,0,0,0,31.5,0.0027234343821848,4.641342911095804,0.0009906623920479,0.2594527426105075,1.76629567798257,-0.2075513551531704,0.2538693838498703,0.0,0.004767231026982,0.0040184348293706,0.0025763864641865,7.933545567528188,-1.6052129009110918
69,276,85.0,4.0,16.0,0.5582530099930199,91.9295376424721,0.2258005352462039,6.46114840770886,39.41802621606208,2.528063516011648,2.432566323325823,0.3202563076101742,2.311867069000583,1.6251232694862383,5.648033719825413,39.55674914049563,3.507848337934589,586.4080834359999,1.0,41,246.733285933766,7.684000000000005,10,1,10,5,30,133.14,3.507848337934589,604.4186481199998,1.0,42,253.58251712208408,4.462600000000006,10,1,10,5,30,133.14,0.0,18.010564684,0.0,1,6.84923118831809,-3.2213999999999987,0,0,0,0,0,0.0,0.0028580575802292,4.65307249939888,0.001036911583191,0.260323201872257,1.7716615594471352,-0.207273683203428,0.2538686997205951,2.9366449153423016e-06,0.0048265146148039,0.0040412692984726,0.0026483088777962,7.932651891982518,0.20189446394060379
69,277,85.0,4.0,16.0,1.2910298795183026,186.33261984945304,0.3494595577081059,13.114877048604,79.16519368351865,2.724511825910069,2.9920529661723823,0.0,3.1091263510296057,2.23606797749979,10.919619738713214,39.1981723334866,2.7575782314370185,586.4080834359999,1.0,41,246.733285933766,7.684000000000005,9,0,10,5,30,101.64,2.757578124770353,604.4186481199998,1.0,42,253.58251712208408,4.462600000000006,10,0,10,5,30,133.14,-1.0666666563333336e-07,18.010564684,0.0,1,6.84923118831809,-3.2213999999999987,1,0,0,0,0,31.5,0.0027234081206882,4.64174659065928,0.000992259954758,0.2594767581910603,1.766509099422703,-0.2075543877667925,0.253876578557725,0.0,0.0047768277502166,0.0040183960808406,0.0025811829669729,7.933662547408927,-0.9707127752791159
69,279,85.0,4.0,16.0,0.6956789334295357,90.34317110829306,0.2223374276840268,6.388647338428912,38.68449454477559,2.6337581661020057,2.414681724511085,0.314970394174356,2.301080951416865,1.6085091194337655,5.542524399547261,39.74465690854279,3.5078484446012546,586.4080834359999,1.0,41,246.733285933766,7.684000000000005,10,1,10,5,30,133.14,3.507848337934589,604.4186481199998,1.0,42,253.58251712208408,4.462600000000006,10,1,10,5,30,133.14,-1.0666666563333336e-07,18.010564684,0.0,1,6.84923118831809,-3.2213999999999987,0,0,0,0,0,0.0,0.0028580300272371,4.653475968705733,0.0010385083154555,0.2603472032799139,1.771874877780571,-0.2072767177638601,0.2538758927030405,2.936616604996232e-06,0.0048361084562736,0.0040412303391378,0.0026531035325467,7.93276885231769,-1.5535482940049898
70,281,80.0,4.0,31.0,1.5911098047485102,88.38531521208579,0.5357583756107197,6.027713773341707,33.05732513280332,1.165911940642745,3.055050463303893,0.0,3.0,2.516611478423584,1.0,49.18562832101806,2.757578124770353,176.032087976,1.0,12,65.95513534849599,2.3043999999999984,6,0,6,5,2,95.95,2.757578124770353,194.04265266,1.0,13,72.80436653681407,-0.8247,7,0,6,5,2,127.45,0.0,18.010564684,0.0,1,6.84923118831809,-3.1290999999999984,1,0,0,0,0,31.5,0.001782271467534,2.0700693956565,0.0006125382639007,0.1157869359728086,0.7873960264958582,-0.0924797618383063,0.1132285593856581,0.0,0.0025583765871505,0.0023524446455939,0.0010877885667637,3.5326298672372585,-0.05980398637716253
70,283,80.0,4.0,31.0,0.9560585367807256,126.47645356048628,0.2806628253631968,8.686457589520913,51.66723893099624,2.325019142052188,3.3601947995479504,0.0,3.269695565478397,1.7888543819998317,7.257597899630929,50.61454620237869,3.6257596603687854,504.3298331159998,1.0,35,209.23323627957052,6.438000000000001,10,0,10,5,25,133.14,3.6257596603687854,522.3403977999998,1.0,36,216.08246746788865,3.308900000000002,10,0,10,5,25,133.14,0.0,18.010564684,0.0,1,6.84923118831809,-3.1290999999999984,0,0,0,0,0,0.0,0.0024246045020205,2.113239416441204,0.00078822759068,0.1189679158517037,0.8070861075371442,-0.0914502506239799,0.1132839102442465,0.0,0.002875390607538,0.0024414991174337,0.0020895363588059,3.5286075759042017,0.06762884925849084
71,286,95.0,4.0,11.0,1.1855957200502916,62.22645996719752,0.5,4.207136793592526,23.729479122785584,1.549273194113936,2.073644135332772,0.0,2.3874672772626644,2.0,0.8944271909999159,38.18389542726096,2.8030394876740514,161.068807832,1.0,11,62.3392701932689,3.942899999999998,5,0,6,5,2,95.94,2.8030394876740514,179.079372516,1.0,12,69.18850138158699,0.6879,6,0,6,5,2,116.17000000000002,0.0,18.010564684,0.0,1,6.84923118831809,-3.254999999999998,1,0,0,0,0,20.23,0.00391935350957,3.090917268958003,0.0008040291541317,0.1729157077127654,1.1772951031644818,-0.1369513998308668,0.1690225243628031,0.0,0.0027307624124118,0.0024814959497875,0.0002977615953679,5.276824480258729,0.5675235063706184
71,287,95.0,4.0,11.0,1.0616809491382937,218.5752806008776,0.4490731195102493,16.280868117722306,97.96088786537264,4.272301259352702,1.940790217067952,0.0,2.258317958127243,1.7888543819998317,3.920034013457877,35.2546674451294,2.8030394876740514,578.3759954599999,1.0,43,258.4369783443734,12.160400000000005,5,0,6,5,10,95.94,2.8030394876740514,596.3865601439999,1.0,44,265.2862095326915,8.905400000000004,6,0,6,5,10,116.17000000000002,0.0,18.010564684,0.0,1,6.84923118831809,-3.254999999999998,1,0,0,0,0,20.23,0.0039207951220202,3.0913497708506195,0.0008043249349357,0.1729478642458466,1.177488377235758,-0.136944119294559,0.1690247592199247,0.0,0.0027337440648775,0.0024829817636897,0.0003052450480969,5.276856619238005,0.559063388016905
72,292,75.0,11.0,12.0,1.273661446661713,70.91862290959428,0.5,4.795831523312719,26.670306496110296,1.3751468745798263,2.362907813126304,0.0,2.6457513110645907,2.217355782608345,0.957427107756338,40.243274386328615,2.7541847860376616,162.05282342,1.0,11,61.79361324845219,3.219999999999999,5,0,6,5,2,90.15,2.7541847860376616,180.063388104,1.0,12,68.64284443677028,-0.0014,6,0,6,5,2,110.38,0.0,18.010564684,0.0,1,6.84923118831809,-3.2213999999999987,1,0,0,0,0,20.23,0.0504045101921788,6.916045424348984,0.0303752534565672,0.3981448734248835,2.701313399979828,-0.251608806251092,0.3357376596050749,0.0,0.0327795797283088,0.0324765505477732,0.0011922095495994,10.202977093035928,0.33450005706800884
72,295,75.0,11.0,12.0,1.106181878113792,69.07534278571902,0.4183300132670378,4.676180777800049,26.10222627274563,1.503454915519583,2.316606713852541,0.0,2.6394443859772205,2.16794833886788,0.816496580927726,41.37333315877109,2.8030394876740514,162.05282342,1.0,11,62.3392701932689,3.345899999999998,5,0,6,5,2,95.94,2.8030394876740514,180.063388104,1.0,12,69.18850138158699,0.0908999999999999,6,0,6,5,2,116.17000000000002,0.0,18.010564684,0.0,1,6.84923118831809,-3.254999999999998,1,0,0,0,0,20.23,0.0523620379318105,6.981989140229751,0.0308369817944996,0.4027021395339978,2.7271194421452765,-0.2519853175862191,0.3377057157516524,0.0,0.0349826088114057,0.03437626642289,0.0014935020614301,10.232022288444654,0.42434548428999247
72,297,75.0,11.0,12.0,1.5563212412872678,585.7501493961095,0.5,40.086365096709216,236.11861250845496,1.014217604856079,13.490737563232042,0.0,13.720422734012244,3.366501646120693,19.517086531208157,152.21227532079453,2.7541847860376616,1242.681977372,1.0,85,499.7962077374565,2.3966999999999987,29,0,30,8,40,333.40000000000015,2.7541847860376616,1260.692542056,1.0,86,506.6454389257746,-0.8247,30,0,30,8,40,364.90000000000015,0.0,18.010564684,0.0,1,6.84923118831809,-3.2213999999999987,1,0,0,0,0,31.5,0.0022198004173039,6.152556573780747,0.0008679323546276,0.3434680018597137,2.341514998923575,-0.2761795550317706,0.3373492426627964,0.0,0.0048838416840907,0.0035063680542748,0.003208200724424,10.55630803817041,0.38104309449918744
72,298,75.0,11.0,12.0,1.3992082479699115,475.872252402888,0.4183300132670378,32.547913399581645,191.7236388809256,1.336128684546016,10.972693379476162,0.0,11.219031449580068,2.943920288775949,16.02081978759722,125.11777821983048,2.8030394876740514,1242.681977372,1.0,85,499.7962077374565,3.345899999999998,29,0,30,8,40,333.40000000000015,2.8030394876740514,1260.692542056,1.0,86,506.6454389257746,0.0908999999999999,30,0,30,8,40,364.90000000000015,0.0,18.010564684,0.0,1,6.84923118831809,-3.254999999999998,1,0,0,0,0,31.5,0.0044876510009329,6.226810646447668,0.0014480910430525,0.3486043542427093,2.3707253094429954,-0.2765313832783578,0.3395044861777465,0.0,0.0073704581716852,0.0056628820213908,0.0035337386466729,10.587294136883475,0.48678739720964614
73,302,40.0,20.0,7.0,1.281701422027408,262.4105359275932,0.4863869505085431,18.39157415774952,111.10197480070232,3.344626371759136,3.915780041490244,0.0,4.272001872658765,2.0615528128088303,14.522970311429637,47.40496492984675,2.7541847860376616,586.4080834359999,1.0,41,246.733285933766,7.717600000000004,9,0,10,5,30,101.64,2.7541847860376616,604.4186481199998,1.0,42,253.58251712208408,4.462600000000006,10,0,10,5,30,133.14,0.0,18.010564684,0.0,1,6.84923118831809,-3.254999999999998,1,0,0,0,0,31.5,0.000663989043418,3.6407672591503295,0.0002496718271094,0.2026467856790646,1.385069381523824,-0.1653335715490947,0.2010670514054058,0.0,0.0013178392623928,0.0010737938780107,0.0006741814838785,6.317099442152382,0.3134841675349051
74,306,90.0,5.0,6.0,2.0478894649229997,83.52018475918416,0.478713553878169,5.686240703077327,31.646436312219844,1.3853752151192342,2.70801280154532,0.0,2.8284271247461903,2.6299556396765835,2.6299556396765835,45.76797524834732,4.619312134964085,174.016437912,1.0,12,65.37623172040985,2.760699999999998,6,0,6,6,5,100.63,4.619312134964085,192.027002596,1.0,13,72.22546290872793,-0.8247,7,0,6,6,5,132.13,0.0,18.010564684,0.0,1,6.84923118831809,-3.585399999999998,1,0,0,0,0,31.5,0.0030504859813893,3.747539889646583,0.0008389232282104,0.2098351028774746,1.42517633267342,-0.1670217067536873,0.2045214339541382,0.0,0.005126915887287,0.0047285936507029,0.0028347684897773,6.376221013437919,0.1295454611279395
74,307,90.0,5.0,6.0,2.173544411074175,73.8338012120894,0.5,5.718391382198319,27.612659833070705,2.2110173977153598,3.24037034920393,0.0,3.03315017762062,2.8284271247461903,2.588435821108957,59.37336372482192,4.619312134964085,174.016437912,1.0,12,65.37623172040985,5.5481,7,0,6,6,5,132.13,4.619312134964085,192.027002596,1.0,13,72.22546290872793,-0.8247,7,0,6,6,5,132.13,-0.0,18.010564684,0.0,1,6.84923118831809,-6.3728,0,0,0,0,0,0.0,0.0030455170597116,3.777238751182635,0.0008375567102719,0.2104706405678733,1.442984896431582,-0.1688257704562632,0.2041882899918523,0.0,0.0051185646791032,0.0047208912676599,0.0028301509492653,6.3658348182516304,-0.039964875304396554
74,308,90.0,5.0,6.0,1.4830538434984013,204.85869201093064,0.4087662458545226,14.358505028959897,86.98868068589285,2.698286697455754,3.141125063837266,0.0,3.32665998663324,1.6733200530681511,11.74166370948626,41.09074384821963,4.619312134964085,586.4080834359999,1.0,41,246.733285933766,7.684000000000005,9,0,10,5,30,101.64,4.619312134964085,604.4186481199998,1.0,42,253.58251712208408,4.462600000000006,10,0,10,5,30,133.14,0.0,18.010564684,0.0,1,6.84923118831809,-3.2213999999999987,1,0,0,0,0,31.5,0.0013920092430292,3.650419223341711,0.0004039121371983,0.2032979155365922,1.3884740766268977,-0.1653370536390827,0.2014406259862655,0.0,0.0016106985637733,0.001505900741601,0.0011191945087406,6.322032596951938,0.06340572651401503
74,309,90.0,5.0,6.0,1.6258753880429035,190.6574404474076,0.4650648796263859,13.770223223283187,79.8278197762101,3.246054833911762,3.5050983275386565,0.0,3.5118845842842457,1.902379462422684,10.982670331893225,50.9346141075567,4.619312134964085,586.4080834359999,1.0,41,246.733285933766,10.835400000000009,10,0,10,5,30,133.14,4.619312134964085,604.4186481199998,1.0,42,253.58251712208408,4.462600000000006,10,0,10,5,30,133.14,-0.0,18.010564684,0.0,1,6.84923118831809,-6.3728,0,0,0,0,0,0.0,0.0013897368627661,3.680341375422069,0.0004032527723463,0.2039455103651316,1.4063813791685806,-0.1671478004737815,0.2011117849925941,0.0,0.0016080691849495,0.0015034424395886,0.0011173674838663,6.311712218572326,0.19931172356184565
74,310,90.0,5.0,6.0,1.3898135988856015,272.20340566080165,0.5516163512427215,19.155068954891984,111.20046116802276,3.619886194689001,4.358898943540674,0.0,4.645786621588784,2.449489742783178,14.84082207965583,54.66035880782343,2.634408987061597,586.4080834359999,1.0,41,246.733285933766,7.717600000000004,9,0,10,5,30,103.14,2.634408987061597,604.4186481199998,1.0,42,253.58251712208408,4.462600000000006,10,0,10,5,30,133.14,0.0,18.010564684,0.0,1,6.84923118831809,-3.254999999999998,1,0,0,0,0,30.0,0.0005365791553017,3.6816655201021327,0.000204265768286,0.2044340002673535,1.440646942214152,-0.1700983097098717,0.2010476667965485,0.0,0.0032566696917609,0.0010123039477183,0.0003757387488115,6.314435707595181,0.2996415519756995
74,311,90.0,5.0,6.0,1.316040827239464,239.97930066903,0.5230992377168983,17.334935823359714,97.1976609376752,4.03355238195812,4.277849927241488,0.0,4.449719092257398,2.3021728866442674,13.311649033834987,58.72266870638629,2.634408987061597,586.4080834359999,1.0,41,246.733285933766,10.835400000000009,10,0,10,5,30,133.14,2.634408987061597,604.4186481199998,1.0,42,253.58251712208408,4.462600000000006,10,0,10,5,30,133.14,-0.0,18.010564684,0.0,1,6.84923118831809,-6.3728,0,0,0,0,0,0.0,0.0005357109238932,3.711273901305027,0.000203935248634,0.2050740602131798,1.458312302093281,-0.1718854240981966,0.2007223543106289,0.0,0.0032514001189769,0.0010106659525156,0.0003751307710698,6.304218405350653,0.15697706056344715
75,313,88.0,2.0,14.0,1.184467024281654,238.7096104109191,0.4332381706405843,16.703293088490067,100.81573255065466,2.902391417951757,3.646916505762094,0.0,4.06201920231798,1.949358868961793,13.107249902248755,46.34289751407436,2.8030394876740514,586.4080834359999,1.0,41,246.733285933766,7.717600000000004,9,0,10,5,30,101.64,2.8030394876740514,604.4186481199998,1.0,42,253.58251712208408,4.462600000000006,10,0,10,5,30,133.14,0.0,18.010564684,0.0,1,6.84923118831809,-3.254999999999998,1,0,0,0,0,31.5,0.0038183276840991,3.7272052964627767,0.0010967885092547,0.2086104730562365,1.4191973866877083,-0.1656303790661191,0.2034771025722994,0.0,0.0042770246099838,0.0037946874932654,0.0015317696100727,6.349827175626399,0.26998635815366573
75,314,88.0,2.0,14.0,1.3535398335570024,234.8057581740664,0.392442530883563,15.99583279065728,99.63720948435147,4.768409842879143,5.0990195135927845,0.0,5.465040408511785,3.559026084010437,11.805366011550284,94.05231515846204,2.8030398991026124,586.4080834359999,1.0,41,246.733285933766,14.49900000000001,13,0,14,10,30,251.06,2.8030394876740514,604.4186481199998,1.0,42,253.58251712208408,4.462600000000006,14,0,14,10,30,282.56,-4.114285611122452e-07,18.010564684,0.0,1,6.84923118831809,-10.036400000000004,1,0,0,0,0,31.5,0.0038104044329065,3.897948805586968,0.0014403481963897,0.2193826749900772,1.4916705750818997,-0.1694518263886744,0.2088649219281317,0.0,0.0100781867623659,0.0079368399201105,0.0056786176214565,6.453914347721628,0.27537463825285646
75,315,88.0,2.0,14.0,1.0623629596616166,224.8137520588359,0.3575656799932263,15.977662979475888,97.52215903840889,4.295798945153389,3.023715784073818,0.3779644730092272,3.338091841585121,1.8257418583505536,11.105554165971787,40.7101173806077,3.161595073135587,586.4080834359999,1.0,41,246.733285933766,12.314960000000005,9,1,10,5,30,101.64,3.161595073135587,604.4186481199998,1.0,42,253.58251712208408,9.059960000000004,10,1,10,5,30,133.14,0.0,18.010564684,0.0,1,6.84923118831809,-3.254999999999998,1,0,0,0,0,31.5,0.0045156156501108,3.758678805189611,0.0012778190863006,0.2108055441653114,1.432066479799456,-0.1655381898233014,0.2041430302733709,1.5126806885527209e-05,0.0051703804813176,0.0042167843514089,0.0023663131876028,6.357349196823087,0.2820485623241521
79,327,95.0,4.0,16.0,1.2068354826535266,75.9205197892093,0.4346134936801766,5.167204273105526,28.617091641078744,1.1065027351977033,2.5099800796022267,0.0,2.683281572999748,2.1908902300206643,0.7071067811865476,40.29914825402641,2.757578124770353,176.032087976,1.0,12,65.95513534849599,2.3966999999999987,6,0,6,5,2,95.95,2.757578124770353,194.04265266,1.0,13,72.80436653681407,-0.8247,7,0,6,5,2,127.45,0.0,18.010564684,0.0,1,6.84923118831809,-3.2213999999999987,1,0,0,0,0,31.5,0.0015076767030804,4.548902412887594,0.0005476395038466,0.2531282923568015,1.7303108466164532,-0.2067329324556352,0.2512951500471503,0.0,0.0018331423096511,0.0017716638252166,0.001037659419797,7.894294397695543,0.19328028561052718
79,329,95.0,4.0,16.0,1.2068354826535266,75.9205197892093,0.4346134936801766,5.167204273105526,28.617091641078744,1.1065027351977033,2.5099800796022267,0.0,2.683281572999748,2.1908902300206643,0.7071067811865476,40.29914825402641,2.757578124770353,176.032087976,1.0,12,65.95513534849599,2.3966999999999987,6,0,6,5,2,95.95,2.757578124770353,194.04265266,1.0,13,72.80436653681407,-0.8247,7,0,6,5,2,127.45,0.0,18.010564684,0.0,1,6.84923118831809,-3.2213999999999987,1,0,0,0,0,31.5,0.0016706512294408,4.559013145822303,0.0006070392605971,0.2538151941657763,1.7341526290077438,-0.2068790362784945,0.2516137223221276,0.0,0.0022014718436487,0.0020785451041781,0.001098867677354,7.899335450213082,0.3138848108325859
79,330,95.0,4.0,16.0,1.5901293287588272,125.05762697334742,0.5773502691896258,7.094598884597588,72.18631956312859,2.558002506572919,3.055050463303893,0.0,3.0,1.7320508075688772,1.1547005383792517,68.85196462943765,2.754184789993705,243.917269996,1.0,14,136.98285580203853,4.791670000000001,6,0,6,3,2,131.14,2.7541847860376616,261.92783468,1.0,15,143.83208699035663,-0.8247,7,0,6,3,2,162.64,-3.956043955029585e-09,18.010564684,0.0,1,6.84923118831809,-5.616370000000001,1,0,0,0,0,31.5,0.0013445670062644,4.541279292786213,0.0004881905575548,0.2525841034231554,1.7278672510610804,-0.2066357349594586,0.2510377313874159,0.0,0.0015259219449708,0.0014645716726646,0.0009763811151097,7.890591194826731,0.08574247495343774
79,332,95.0,4.0,16.0,1.3928272218908253,85.9545413464038,0.4990732151439046,5.269408568963566,45.88194177126693,1.6400627843317463,2.449489742783178,0.0,2.5099800796022267,2.449489742783178,0.752772652709081,47.17784805040038,2.7575781287263967,243.917269996,1.0,14,136.98285580203853,4.791670000000001,6,0,6,5,2,131.14,2.757578124770353,261.92783468,1.0,15,143.83208699035663,-0.8247,7,0,6,5,2,162.64,-3.956043955029585e-09,18.010564684,0.0,1,6.84923118831809,-5.616370000000001,1,0,0,0,0,31.5,0.0015076150539526,4.5513939731151085,0.0005476171107994,0.253271279874623,1.731710421960251,-0.2067818926368534,0.2513564322743403,0.0,0.0018944025382707,0.001771591381663,0.0010376169897747,7.895634191461355,0.21870545267331049
79,333,95.0,4.0,16.0,1.3928272218908253,85.9545413464038,0.4990732151439046,5.269408568963566,45.88194177126693,1.6400627843317463,2.449489742783178,0.0,2.5099800796022267,2.449489742783178,0.752772652709081,47.17784805040038,2.7575781287263967,243.917269996,1.0,14,136.98285580203853,4.791670000000001,6,0,6,5,2,131.14,2.757578124770353,261.92783468,1.0,15,143.83208699035663,-0.8247,7,0,6,5,2,162.64,-3.956043955029585e-09,18.010564684,0.0,1,6.84923118831809,-5.616370000000001,1,0,0,0,0,31.5,0.0016705829330587,4.561503680188624,0.0006070144447887,0.2539581184504612,1.735551703222802,-0.2069279784504392,0.2516749764602273,0.0,0.002262701954506,0.0020784601331057,0.0010988227555648,7.900674708520814,0.41474040588263916
82,340,90.0,4.0,12.0,1.5563214136622048,150.8746596453787,0.5773502691896257,7.365459931328117,91.63244119496296,8.522937041888786,3.915780041490244,0.0,4.272001872658765,2.449489742783178,1.707825127659933,67.14749560978926,2.754184858037657,349.80871280600013,1.0,17,206.43916708209363,18.0099,9,0,10,5,4,153.47000000000003,2.7541847860376616,367.8192774900001,1.0,18,213.28839827041173,-0.8247,10,0,10,5,4,184.97000000000003,-7.19999952990003e-08,18.010564684,0.0,1,6.84923118831809,-18.8346,1,0,0,0,0,31.5,0.0030377620489009,4.66730640418371,0.0011420402525814,0.2611513827154357,1.7754989319495889,-0.2085866270184105,0.2550061334776932,0.0,0.006151098222807,0.0052232757842375,0.0013972009620456,7.953435293475005,0.19807601586447746
83,350,95.0,1.0,18.0,1.1672503319867584,125.8650293040608,0.3476700663627442,9.063269671749657,55.34775791382571,2.7257140702680385,1.0690449676496974,0.3779644730092272,1.3801311186847085,0.7559289460184544,6.8729975438737965,15.145717609435408,3.1730086074169632,380.344301408,0.9523809523809524,28,173.13516000193044,8.379500000000009,3,1,4,2,19,46.53,3.1730086074169632,398.354866092,0.9523809523809524,29,179.98439119024854,7.554800000000009,4,1,4,2,19,66.76,0.0,18.010564684,0.0,1,6.84923118831809,-0.8247,1,0,0,0,0,20.23,0.0072094648652987,3.745676702967595,0.0021501826120124,0.2198861541555257,1.471055867078518,-0.1214391351776644,0.170586851131533,0.0001569341799486,0.0051428431179108,0.0028923750335969,0.0379919390550518,5.2884529864039616,0.186987070409533
83,351,95.0,1.0,18.0,1.0923394404781226,122.75853348283596,0.3226705709035737,8.87110075308744,55.089111018183445,3.754489954493537,1.685018016012207,0.3535533905932738,1.9820624179302295,1.0690449676496976,7.230886134196436,27.13140664959549,3.1730086074169632,380.344301408,0.9523809523809524,28,173.13516000193044,10.359800000000009,5,1,6,3,19,83.83000000000001,3.1730086074169632,398.354866092,0.9523809523809524,29,179.98439119024854,7.554800000000009,6,1,6,3,19,104.06000000000002,0.0,18.010564684,0.0,1,6.84923118831809,-2.805,1,0,0,0,0,20.23,0.0078764002565588,3.787102197000479,0.0023174550212598,0.222780696933049,1.4872613972621689,-0.121766148210885,0.1717488247748911,0.0001581243394299,0.006540537915367,0.0035936564834732,0.0387329602970152,5.3051757271987,0.3033761551605478
83,352,95.0,1.0,18.0,1.0923394404781226,122.75853348283596,0.3226705709035737,8.87110075308744,55.089111018183445,3.754489954493537,1.685018016012207,0.3535533905932738,1.9820624179302295,1.0690449676496976,7.230886134196436,27.13140664959549,3.1730086074169632,380.344301408,0.9523809523809524,28,173.13516000193044,10.359800000000009,5,1,6,3,19,83.83000000000001,3.1730086074169632,398.354866092,0.9523809523809524,29,179.98439119024854,7.554800000000009,6,1,6,3,19,104.06000000000002,0.0,18.010564684,0.0,1,6.84923118831809,-2.805,1,0,0,0,0,20.23,0.0091072778014561,3.858137763267389,0.0026199106513625,0.2277215179648924,1.5143458454743857,-0.1227273177657014,0.1740514335858237,0.0001576847402986,0.0093024398348887,0.0049737083983688,0.0395519744257582,5.338642830657679,0.28853745453675217
83,353,95.0,1.0,18.0,1.0923394404781226,122.75853348283596,0.3226705709035737,8.87110075308744,55.089111018183445,3.754489954493537,1.685018016012207,0.3535533905932738,1.9820624179302295,1.0690449676496976,7.230886134196436,27.13140664959549,3.1730086074169632,380.344301408,0.9523809523809524,28,173.13516000193044,10.359800000000009,5,1,6,3,19,83.83000000000001,3.1730086074169632,398.354866092,0.9523809523809524,29,179.98439119024854,7.554800000000009,6,1,6,3,19,104.06000000000002,0.0,18.010564684,0.0,1,6.84923118831809,-2.805,1,0,0,0,0,20.23,0.0103886102284942,3.932085147317197,0.0029347642354558,0.2328648681141725,1.542540511878543,-0.1237278866066666,0.1764484285984166,0.0001572271215661,0.0121775548326827,0.0064103299996666,0.0404045607498092,5.373481783629728,0.37282693770393777
84,355,75.0,5.0,8.0,0.937001796358076,74.02696639082964,0.2812463617079198,5.468524655221177,32.39508753025425,1.6340407202426923,1.3556040489989465,0.7895420339517227,1.0861186305619104,1.0021621646864365,1.4924050144892729,25.696335367104417,4.619312134964085,398.145284324,1.0,29,173.7910025832228,8.657200000000003,6,3,6,5,6,100.63,4.619312134964085,416.155849008,1.0,30,180.6402337715409,5.402200000000004,7,3,6,5,6,132.13,0.0,18.010564684,0.0,1,6.84923118831809,-3.254999999999998,1,0,0,0,0,31.5,0.0017804792071971,2.3097118836797046,0.0005218261662323,0.1289911981361327,0.878915811121153,-0.103545394849086,0.1266872321138366,1.0851422915753702e-05,0.00195511763453,0.0019009915998501,0.001392092871588,3.9641110034168414,0.41280512074964
85,357,60.0,5.0,12.0,1.1491174137533655,74.75872652529398,0.3887896698825824,5.501514942874069,32.806463564210134,2.55259408602308,2.065591117977289,0.5163977794943222,2.280350850198276,1.940790217067952,1.751190071541826,38.97678231973492,3.005488574092228,188.083729624,1.0,14,82.47083414443178,7.033900000000001,6,1,6,5,4,116.17000000000002,3.005488574092228,206.094294308,1.0,15,89.32006533274986,3.778900000000003,6,1,6,5,4,116.17000000000002,0.0,18.010564684,0.0,1,6.84923118831809,-3.254999999999998,0,0,0,0,0,0.0,0.0027881047566546,3.1025503218965955,0.0006216979129962,0.1737970559596663,1.182594638821499,-0.1372707752437429,0.1690047770965873,0.0001697933516636,0.0028475931861936,0.0023213887294088,0.0008541950651792,5.280616996998025,0.261821228169969
85,358,60.0,5.0,12.0,1.1491174137533655,74.75872652529398,0.3887896698825824,5.501514942874069,32.806463564210134,2.55259408602308,2.065591117977289,0.5163977794943222,2.280350850198276,1.940790217067952,1.751190071541826,38.97678231973492,3.005488574092228,188.083729624,1.0,14,82.47083414443178,7.033900000000001,6,1,6,5,4,116.17000000000002,3.005488574092228,206.094294308,1.0,15,89.32006533274986,3.778900000000003,6,1,6,5,4,116.17000000000002,0.0,18.010564684,0.0,1,6.84923118831809,-3.254999999999998,0,0,0,0,0,0.0,0.0030449384299437,3.1156076438815083,0.0006413240610395,0.1747796111713793,1.1884338854744232,-0.1370040586699082,0.169090954632283,0.0002545554207467,0.0030215867958398,0.0023992186712789,0.0011140940166691,5.280361037061098,0.2794195402050869
86,360,70.0,2.0,24.0,1.36710899912435,68.29141647512313,0.478713553878169,4.645786621588784,26.31620636227485,1.4219524262435776,2.160246899469287,0.0,2.6457513110645907,2.217355782608345,0.957427107756338,38.62242914853148,2.8030394876740514,161.068807832,1.0,11,62.3392701932689,3.345899999999998,5,0,6,5,2,84.67000000000002,2.8030394876740514,179.079372516,1.0,12,69.18850138158699,0.0908999999999999,6,0,6,5,2,116.17000000000002,0.0,18.010564684,0.0,1,6.84923118831809,-3.254999999999998,1,0,0,0,0,31.5,0.0014076054794873,3.046369803680492,0.0003892802240547,0.169740341208967,1.1590748169663911,-0.1377101254505703,0.1679465419245221,0.0,0.0015445116793754,0.0013774067427934,0.0003621679064579,5.268441587135141,0.2669152722618276
86,361,70.0,2.0,24.0,1.1888184920273477,181.9409734986698,0.3471895693972016,12.687873850931169,76.42578497353858,2.7915330889968497,3.3806170189140663,0.0,3.5355339059327378,1.927248223318863,9.999107102993891,48.63329833707412,3.6257596603687854,586.4080834359999,1.0,41,246.733285933766,7.717600000000004,10,0,10,5,30,133.14,3.6257596603687854,604.4186481199998,1.0,42,253.58251712208408,4.462600000000006,10,0,10,5,30,133.14,0.0,18.010564684,0.0,1,6.84923118831809,-3.254999999999998,0,0,0,0,0,0.0,0.0014082632564169,3.046406408728553,0.0003893835235491,0.1697430093690332,1.1590912102373374,-0.137709351380836,0.1679467328105187,0.0,0.0015448957323631,0.0013774794094459,0.0003635850180827,5.268441127874782,0.21470088258092845
87,363,90.0,0.0,15.0,2.317253971762359,96.9471700160206,0.5,6.6583281184793925,36.89954701056063,1.298204322644679,3.2145502536643185,0.0,3.055050463303893,2.6457513110645907,2.6457513110645907,54.0834654338397,4.619312134964085,174.016437912,1.0,12,65.37623172040985,2.430299999999998,6,0,6,5,5,100.63,4.619312134964085,192.027002596,1.0,13,72.22546290872793,-0.8247,7,0,6,5,5,132.13,0.0,18.010564684,0.0,1,6.84923118831809,-3.254999999999998,1,0,0,0,0,31.5,0.0046366718090702,6.2194854283872685,0.00097931976071,0.3481544254746828,2.3654329825842293,-0.2767871424072168,0.3404099339380199,0.0,0.0064987762217279,0.0058308852897515,0.0037821792193137,10.61922849128139,-0.3810457516339869
87,364,90.0,0.0,15.0,0.9590643919594822,74.84938940674056,0.2716253280176995,5.528282261417624,32.75812570481519,1.648065221071291,1.3749458863810569,0.8047478161629564,1.1105554165971787,1.023532631438318,1.5212776585113297,26.03888678038876,4.619312134964085,398.145284324,1.0,29,173.7910025832228,8.657200000000003,6,3,6,5,6,100.63,4.619312134964085,416.155849008,1.0,30,180.6402337715409,5.402200000000004,7,3,6,5,6,132.13,0.0,18.010564684,0.0,1,6.84923118831809,-3.254999999999998,1,0,0,0,0,31.5,0.004354662836431,6.206456270865813,0.0009298804355081,0.3472646591046142,2.3605747461351085,-0.2766650190850262,0.3399520788057779,4.5535310958262175e-06,0.0061116871784501,0.0054817513288882,0.0035241519411918,10.611515565565398,-0.4000000000000001
87,366,90.0,0.0,15.0,0.7393483768855651,120.27493080290468,0.2729637609978518,8.632023398774429,53.56648096239499,3.555422180415325,1.7640374023782055,0.6815542010964778,1.83279562006958,1.0934801894552926,7.881378625104752,29.009113918259903,3.716136771182721,586.4080834359999,1.0,41,246.733285933766,11.928100000000004,9,3,10,5,30,101.64,3.716136771182721,604.4186481199998,1.0,42,253.58251712208408,8.673100000000005,10,3,10,5,30,133.14,0.0,18.010564684,0.0,1,6.84923118831809,-3.254999999999998,1,0,0,0,0,31.5,0.0039154071950663,6.31528284160729,0.0012420862418556,0.3553175576984357,2.4152629334452698,-0.2717754332287702,0.337859248827249,4.551349089942666e-06,0.0052288843355532,0.004160434973172,0.011930793863784,10.566479996059586,-0.06666666666666665
91,372,70.0,2.0,24.0,1.5567054307507135,80.62172942462304,0.5773502691896258,5.507570547286102,31.194734994886844,1.2339592956549787,2.516611478423583,0.0,3.0,2.516611478423584,1.0,43.00987367260376,2.7541847860376616,161.068807832,1.0,11,62.3392701932689,2.430299999999998,5,0,6,5,2,84.67000000000002,2.7541847860376616,179.079372516,1.0,12,69.18850138158699,-0.8247,6,0,6,5,2,116.17000000000002,0.0,18.010564684,0.0,1,6.84923118831809,-3.254999999999998,1,0,0,0,0,31.5,0.0007099043007475,3.035948225660515,0.0002650328379285,0.1689959623810593,1.1548042402036531,-0.1379391047482799,0.1676987981048987,0.0,0.0012971642761606,0.0011298090220356,0.0003627104217321,5.267021178037989,0.2794734574914067
91,373,70.0,2.0,24.0,1.1362682415460958,188.02777968356648,0.3498667481182793,13.250336922940056,80.53567398494452,4.075954298367559,3.199702367110922,0.0,3.625307868699863,1.7320508075688772,10.734900802433865,42.23694844902641,3.2329128954416952,586.4080834359999,1.0,41,246.733285933766,9.363500000000004,9,0,10,5,30,101.64,3.2329128954416952,604.4186481199998,1.0,42,253.58251712208408,6.108500000000007,10,0,10,5,30,133.14,0.0,18.010564684,0.0,1,6.84923118831809,-3.254999999999998,1,0,0,0,0,31.5,0.0007102145818934,3.0359847078010773,0.0002651218741931,0.1689985602703404,1.1548201927626311,-0.137938401147323,0.1676991038774804,0.0,0.0012974946691341,0.0011299659774736,0.0003646794519877,5.267024170092751,0.15815033038010748
97,467,,18.0,10.0,1.5719190673773953,83.54930047879773,0.5,5.686240703077327,32.19466740571946,1.7291485505878308,2.6457513110645907,0.0,3.214550253664318,2.6457513110645907,0.5773502691896258,47.298917887551454,2.8030394876740514,161.068807832,1.0,11,62.3392701932689,3.345899999999998,5,0,6,5,1,84.67000000000002,2.8030394876740514,179.079372516,1.0,12,69.18850138158699,0.0908999999999999,6,0,6,5,1,116.17000000000002,0.0,18.010564684,0.0,1,6.84923118831809,-3.254999999999998,1,0,0,0,0,31.5,0.0018360769328394,3.049578060311151,0.0004160137458595,0.1699975137409133,1.1605192857515685,-0.1373996654963858,0.1679995529178393,0.0,0.0014998391709905,0.0013328862511726,0.0001669529198178,5.267025009303063,0.21123664770061368
97,468,,18.0,10.0,1.0080264587890535,83.04147205404693,0.2564868297343169,6.08789783094296,36.6004294584804,1.68803866946969,1.1954775893619531,0.7932002689527194,0.806225774829855,0.8850612031567835,1.547847968417226,23.91905661984463,3.716136771182721,398.145284324,0.8333333333333334,29,173.7910025832228,7.128500000000003,5,3,3,4,6,96.21999999999998,3.716136771182721,416.155849008,0.8333333333333334,30,180.6402337715409,5.402200000000004,6,3,3,4,6,127.71999999999998,0.0,18.010564684,0.0,1,6.84923118831809,-1.7262999999999993,1,0,0,0,0,31.5,0.0010538117741156,3.0255603548561427,0.0002000694416783,0.1683348333713348,1.151049338515948,-0.1374743977118522,0.1674168069416441,2.4034616599074885e-06,0.000740856267198,0.0007414601927256,0.0004275973048894,5.262202742794831,0.6959641570685582
97,471,,18.0,10.0,0.8913707717074746,116.78490981479104,0.2850691991472757,8.287943049997388,50.18796504411129,2.2667228372108794,2.254624876411447,0.6782329983125267,1.95106808355492,1.2342339054382412,5.804308744372579,39.0077056148312,3.716136771182721,586.4080834359999,1.0,41,246.733285933766,7.128500000000003,10,3,10,4,30,133.14,3.716136771182721,604.4186481199998,1.0,42,253.58251712208408,5.402200000000004,10,3,10,4,30,133.14,0.0,18.010564684,0.0,1,6.84923118831809,-1.7262999999999993,0,0,0,0,0,0.0,0.0007648263604408,2.0224146722114296,0.0001622334507449,0.1126038274294193,0.7696773140878259,-0.0915807570473197,0.1116763350437114,5.012603434982599e-06,0.0005921884542084,0.0005380810437836,0.0005111171471902,3.508562505846346,0.7131798197583589
97,472,,18.0,10.0,0.8569578481875447,113.91857205356146,0.2857160198671759,8.086075400626399,48.95352308698533,2.322560175484468,2.251938070024367,0.6558958989042621,2.030395804395567,1.3503191561115553,5.62604849360736,39.39339636548208,3.716136771182721,586.4080834359999,1.0,41,246.733285933766,8.657200000000003,10,3,10,5,30,133.14,3.716136771182721,604.4186481199998,1.0,42,253.58251712208408,5.402200000000004,10,3,10,5,30,133.14,0.0,18.010564684,0.0,1,6.84923118831809,-3.254999999999998,0,0,0,0,0,0.0,0.0010256968757828,2.030420749080038,0.0002342354092039,0.1131580580173913,0.772833845296183,-0.0915558964956618,0.1118706514830763,4.207588990524497e-06,0.00084525793601,0.0007353135855919,0.0004239569777614,3.5101705975500592,0.7181520330966856
94,473,,25.0,5.0,1.1926630851802849,73.31618833577492,0.4472135954999579,4.979959839195493,27.858798998214343,1.1220975648311509,2.302172886644268,0.0,2.683281572999748,2.1908902300206643,0.7071067811865476,36.69162547503176,2.7541847860376616,162.05282342,1.0,11,61.79361324845219,2.3966999999999987,5,0,6,5,2,78.88,2.7541847860376616,180.063388104,1.0,12,68.64284443677028,-0.8247,6,0,6,5,2,110.38,0.0,18.010564684,0.0,1,6.84923118831809,-3.2213999999999987,1,0,0,0,0,31.5,0.0012115936658594,3.6591388076345535,0.0004515675006286,0.2038661761416124,1.3917327125015342,-0.1657372240978858,0.2017073043204919,0.0,0.0021588718211205,0.0018908153813757,0.0006350785615125,6.326500979834273,0.14461955736969817
94,474,,25.0,5.0,1.3766477480218526,68.6947792909797,0.5163977794943223,5.205766033928149,26.77381258648688,1.3772107165087937,2.48327740429189,0.0,2.949576240750525,2.449489742783178,0.752772652709081,40.034862682417184,2.7541847860376616,162.05282342,1.0,11,61.79361324845219,3.1000999999999985,5,0,6,5,2,81.88,2.7541847860376616,180.063388104,1.0,12,68.64284443677028,-0.1213,6,0,6,5,2,110.38,0.0,18.010564684,0.0,1,6.84923118831809,-3.2213999999999987,1,0,0,0,0,28.5,0.0012114111777744,3.660995278533021,0.0004514994863341,0.203895717469644,1.3922982506626334,-0.1657159150497887,0.2017070471693489,0.0,0.002158546655683,0.0018905305901228,0.000634982907108,6.326406617369943,0.24209387937840013
94,475,,25.0,5.0,1.3766477480218526,68.6947792909797,0.5163977794943223,5.205766033928149,26.77381258648688,1.3772107165087937,2.48327740429189,0.0,2.949576240750525,2.449489742783178,0.752772652709081,40.034862682417184,2.7541847860376616,162.05282342,1.0,11,61.79361324845219,3.1000999999999985,5,0,6,5,2,81.88,2.7541847860376616,180.063388104,1.0,12,68.64284443677028,-0.1213,6,0,6,5,2,110.38,0.0,18.010564684,0.0,1,6.84923118831809,-3.2213999999999987,1,0,0,0,0,28.5,0.0012114111777744,3.660995278533021,0.0004514994863341,0.203895717469644,1.3922982506626334,-0.1657159150497887,0.2017070471693489,0.0,0.002158546655683,0.0018905305901228,0.000634982907108,6.326406617369943,0.3308239301621584
90,477,,3.0,14.0,1.36710899912435,68.29141647512313,0.478713553878169,4.645786621588784,26.31620636227485,1.4219524262435776,2.160246899469287,0.0,2.6457513110645907,2.217355782608345,0.957427107756338,38.62242914853148,2.8030394876740514,161.068807832,1.0,11,62.3392701932689,3.345899999999998,5,0,6,5,2,84.67000000000002,2.8030394876740514,179.079372516,1.0,12,69.18850138158699,0.0908999999999999,6,0,6,5,2,116.17000000000002,0.0,18.010564684,0.0,1,6.84923118831809,-3.254999999999998,1,0,0,0,0,31.5,0.004132342093386,2.654424155248526,0.0008476667094237,0.148584904875622,1.0112342154785978,-0.1170529144283434,0.1449790262775492,0.0,0.0023332216615876,0.0021910383277346,0.0002804931485094,4.521438704853854,0.047621047334742615
90,478,,3.0,14.0,1.063166673138694,79.85421672797396,0.3103675922644668,5.833809504374764,34.76133933557478,1.6513739614693723,1.36451631060415,0.7302967433402214,1.2478553029669974,1.0712698295103096,1.5991068935949395,25.81008164965591,3.716136771182721,398.145284324,1.0,29,173.7910025832228,8.657200000000003,5,3,6,5,6,96.21999999999998,3.716136771182721,416.155849008,1.0,30,180.6402337715409,5.402200000000004,6,3,6,5,6,127.71999999999998,0.0,18.010564684,0.0,1,6.84923118831809,-3.254999999999998,1,0,0,0,0,31.5,0.0041979698072569,2.6542739730918723,0.0008455588254306,0.1485869187755885,1.011268774196636,-0.1169758444647911,0.1449576854879752,5.604910104424049e-06,0.0022707358521103,0.0021609998993826,0.0003469326277953,4.520990565404298,-0.051353372049912194
90,479,,3.0,14.0,1.2829496895639043,63.34619278755109,0.5,4.449719092257397,25.108004960973723,1.664659366056611,1.8708286933869709,0.447213595499958,2.3021728866442674,1.9235384061671343,0.8366600265340756,33.493098841403146,3.1529414466808685,161.068807832,1.0,11,62.3392701932689,4.345399999999998,5,1,6,5,2,84.67000000000002,3.1529414466808685,179.079372516,1.0,12,69.18850138158699,1.0903999999999998,6,1,6,5,2,116.17000000000002,0.0,18.010564684,0.0,1,6.84923118831809,-3.254999999999998,1,0,0,0,0,31.5,0.0040593890665006,2.649903296505526,0.0008193910318086,0.1482764866832945,1.0094862937214562,-0.116982934917928,0.1448379699875058,3.690037423863513e-07,0.0021637646472665,0.0020499956275128,0.0002524750177957,4.519044317274661,-0.11308290773367395
90,480,,3.0,14.0,1.0419298482631247,77.93161337489937,0.3244286179895276,5.694989063457491,33.92639445684181,1.637665879691732,1.336306209562122,0.7267314002700916,1.2212051389271137,1.0486024506776148,1.5900121157206724,25.374226808854417,3.716136771182721,398.145284324,1.0,29,173.7910025832228,8.657200000000003,5,3,6,5,6,96.21999999999998,3.716136771182721,416.155849008,1.0,30,180.6402337715409,5.402200000000004,6,3,6,5,6,127.71999999999998,0.0,18.010564684,0.0,1,6.84923118831809,-3.254999999999998,1,0,0,0,0,31.5,0.004199122013566,2.654318036046173,0.0008455566420831,0.1485902238691179,1.0112873904547084,-0.1169751401943563,0.1449584178171088,5.973772141518462e-06,0.002271467741782,0.0021617320724074,0.000347300608478,4.521000113059362,0.059086697538680226
178,492,,25.0,7.0,1.063166673138694,79.85421672797396,0.3103675922644668,5.833809504374764,34.76133933557478,1.6513739614693723,1.36451631060415,0.7302967433402214,1.2478553029669974,1.0712698295103096,1.5991068935949395,25.81008164965591,3.716136771182721,398.145284324,1.0,29,173.7910025832228,8.657200000000003,5,3,6,5,6,96.21999999999998,3.716136771182721,416.155849008,1.0,30,180.6402337715409,5.402200000000004,6,3,6,5,6,127.71999999999998,0.0,18.010564684,0.0,1,6.84923118831809,-3.254999999999998,1,0,0,0,0,31.5,0.0049852675998849,2.710794482901301,0.001136632019228,0.1524961320738743,1.03360660679261,-0.117787764176051,0.1466626562298428,5.59368973764035e-05,0.004128321741123,0.0038844270850494,0.0015622156296406,4.553354698047837,0.10445160809757018
177,496,,4.0,8.0,1.5567054307507135,81.1268413107461,0.5773502691896258,5.507570547286102,30.91615530908751,1.215746364721413,2.516611478423583,0.0,3.0,2.516611478423584,1.0,39.8815049030667,2.7541847860376616,162.05282342,1.0,11,61.79361324845219,2.3966999999999987,5,0,6,5,2,78.88,2.7541847860376616,180.063388104,1.0,12,68.64284443677028,-0.8247,6,0,6,5,2,110.38,0.0,18.010564684,0.0,1,6.84923118831809,-3.2213999999999987,1,0,0,0,0,31.5,0.006317432779575,4.808058113004607,0.00235839055152,0.27070914296522,1.8294412099062056,-0.2104725785160679,0.25917537620685,0.0,0.01153376675837,0.0100475683904334,0.0032305827351035,8.01769061710164,0.14106835007042506
172,507,,21.0,7.0,1.1312116948660822,223.4874991571968,0.3158380857086921,15.349679091803315,85.76280428934162,3.5441320438904738,6.781455764988084,0.7029019463944166,6.8861435021364334,4.0505696666649165,1.8543826945551485,105.47042355214462,3.716136771182721,1116.359199256,1.0,76,427.0745393107513,20.63280000000004,34,3,35,21,7,533.8200000000002,3.716136771182721,1134.36976394,1.0,77,433.9237704990694,5.402200000000004,35,3,35,21,7,554.0500000000002,0.0,18.010564684,0.0,1,6.84923118831809,-15.230600000000033,1,0,0,0,0,20.23,0.0416194294859058,7.009400050846167,0.0217536236874486,0.4029034344127492,2.701976245065992,-0.2733894166966167,0.3542293613116668,0.0004320018127554,0.0403379621213746,0.0401129590471567,0.0204150841979617,10.665083123853556,0.6469030557601824
170,515,50.0,21.0,6.0,1.862808459170039,114.58865035070816,0.7071067811865476,7.7781745930520225,43.69468296199943,1.6947228224697977,3.5355339059327378,0.0,4.242640687119285,3.5355339059327378,0.7071067811865476,55.776582899994864,2.634408987061597,162.05282342,1.0,11,61.79361324845219,2.3966999999999987,5,0,6,5,1,78.88,2.634408987061597,180.063388104,1.0,12,68.64284443677028,-0.8247,6,0,6,5,1,110.38,0.0,18.010564684,0.0,1,6.84923118831809,-3.2213999999999987,1,0,0,0,0,31.5,0.0002194758406191,3.015261599947005,8.331122528700444e-05,0.1675830901448237,1.1466866330209882,-0.1376496720136453,0.1670832227931017,0.0,0.000499867351722,0.000416556126435,8.331122528700444e-05,5.256571589450639,0.2967501504335787
170,516,50.0,21.0,6.0,1.5209767378355823,81.77436818962583,0.5773502691896258,6.082762530298219,31.665763038106306,1.625298047538768,2.8867513459481287,0.0,3.4641016151377544,2.8867513459481287,0.5773502691896258,46.43165012503145,2.634408987061597,162.05282342,1.0,11,61.79361324845219,3.1000999999999985,5,0,6,5,1,81.88,2.634408987061597,180.063388104,1.0,12,68.64284443677028,-0.1213,6,0,6,5,1,110.38,0.0,18.010564684,0.0,1,6.84923118831809,-3.2213999999999987,1,0,0,0,0,28.5,0.0002194610116385,3.015957889761255,8.330559632784191e-05,0.1675942891320775,1.1468989285656266,-0.137641737601576,0.1670831946483058,0.0,0.000499833577967,0.0004165279816392,8.330559632784191e-05,5.256537362720926,0.34419896431354174
170,517,50.0,21.0,6.0,1.5209767378355823,81.77436818962583,0.5773502691896258,6.082762530298219,31.665763038106306,1.625298047538768,2.8867513459481287,0.0,3.4641016151377544,2.8867513459481287,0.5773502691896258,46.43165012503145,2.634408987061597,162.05282342,1.0,11,61.79361324845219,3.1000999999999985,5,0,6,5,1,81.88,2.634408987061597,180.063388104,1.0,12,68.64284443677028,-0.1213,6,0,6,5,1,110.38,0.0,18.010564684,0.0,1,6.84923118831809,-3.2213999999999987,1,0,0,0,0,28.5,0.0002194610116385,3.015957889761255,8.330559632784191e-05,0.1675942891320775,1.1468989285656266,-0.137641737601576,0.1670831946483058,0.0,0.000499833577967,0.0004165279816392,8.330559632784191e-05,5.256537362720926,0.2278955646918175
163,539,,25.0,7.0,1.5567054307507135,81.1268413107461,0.5773502691896258,5.507570547286102,30.91615530908751,1.215746364721413,2.516611478423583,0.0,3.0,2.516611478423584,1.0,39.8815049030667,2.7541847860376616,162.05282342,1.0,11,61.79361324845219,2.3966999999999987,5,0,6,5,2,78.88,2.7541847860376616,180.063388104,1.0,12,68.64284443677028,-0.8247,6,0,6,5,2,110.38,0.0,18.010564684,0.0,1,6.84923118831809,-3.2213999999999987,1,0,0,0,0,31.5,0.0033916451868166,2.7287183002278246,0.001262247658214,0.1534172249233255,1.0382907139672208,-0.1199788202285371,0.1475060600611271,0.0,0.0059111648621983,0.0052030242330129,0.0018163546872426,4.572032517007491,
163,545,,25.0,7.0,1.116158889714865,135.83627915649618,0.5031152949374528,9.6591925128346,53.96300384500442,1.4401153002450873,3.4641016151377544,0.4472135954999579,3.361547262794322,2.549509756796392,1.6733200530681511,59.94181637221215,2.7541847860376616,336.084517472,1.0,24,134.73815083220194,3.909299999999999,8,1,8,6,4,144.52,2.7541847860376616,354.09508215599993,1.0,25,141.58738202052004,0.6879,9,1,8,6,4,164.75,0.0,18.010564684,0.0,1,6.84923118831809,-3.2213999999999987,1,0,0,0,0,20.23,0.0046413849778655,2.7433380436777166,0.00125741292911,0.1545455509957822,1.045275756236428,-0.119097314079734,0.1474930011753391,7.172911375980123e-07,0.0064699068772359,0.0057631949285512,0.0018118796880077,4.565335128132606,
162,547,75.0,25.0,7.0,1.5209765530835582,86.05603031411287,0.5773502691896258,5.686240703077327,34.29516075275648,1.313717515297713,2.6457513110645907,0.0,3.214550253664318,2.8867513459481287,1.0,55.18169895898459,2.634408987061597,161.068807832,1.0,11,62.3392701932689,2.430299999999998,5,0,6,5,2,103.64,2.634408987061597,179.079372516,1.0,12,69.18850138158699,-0.8247,6,0,6,5,2,116.17000000000002,0.0,18.010564684,0.0,1,6.84923118831809,-3.254999999999998,1,0,0,0,0,12.53,0.0001436676046742,2.5959826335419454,0.0001617070213619,0.1443144040758383,0.9878570460170614,-0.1181697292175994,0.1432369899422379,0.0,0.0004343821010283,0.0002726750796663,0.0002688790267906,4.502584426856088,0.23079988644255464
162,548,75.0,25.0,7.0,1.6860364506064345,71.11843974465837,0.5773502691896257,4.8304589153964805,28.563129908235908,1.942260996879666,2.160246899469287,0.5,2.6457513110645907,2.362907813126304,0.816496580927726,45.10296544204901,3.158901732156222,161.068807832,1.0,11,62.3392701932689,4.165299999999998,5,1,6,5,2,103.64,3.158901732156222,179.079372516,1.0,12,69.18850138158699,0.9102999999999996,6,1,6,5,2,116.17000000000002,0.0,18.010564684,0.0,1,6.84923118831809,-3.254999999999998,1,0,0,0,0,12.53,0.0004927206601275,2.595614630356796,3.672698208230667e-05,0.144496577044215,0.98796051878416,-0.1176432628466707,0.1432359439915455,0.0001452083621564,0.000536923853561,0.0003549885093222,0.0002057479693191,4.504421506776506,0.3696174654438579
156,560,,4.0,13.0,1.409786095954812,86.46707497441106,0.5773502691896258,5.859465277082316,33.007353484319026,1.989169728806468,2.8867513459481287,0.0,3.214550253664318,2.6457513110645907,0.5773502691896258,52.44124553567863,2.634408987061597,161.068807832,1.0,11,62.3392701932689,3.942899999999998,5,0,6,5,1,95.94,2.634408987061597,179.079372516,1.0,12,69.18850138158699,0.6879,6,0,6,5,1,116.17000000000002,0.0,18.010564684,0.0,1,6.84923118831809,-3.254999999999998,1,0,0,0,0,20.23,0.005563139874299,3.681158310549877,9.9304421447693e-05,0.2059394717191258,1.405991036297993,-0.1615154603476191,0.2004965221072384,0.0,0.0030193880702867,0.0029200836488391,9.9304421447693e-05,6.281094566790137,0.4477112133512201
153,567,88.0,2.0,14.0,1.184467024281654,238.7096104109191,0.4332381706405843,16.703293088490067,100.81573255065466,2.902391417951757,3.646916505762094,0.0,4.06201920231798,1.949358868961793,13.107249902248755,46.34289751407436,2.8030394876740514,586.4080834359999,1.0,41,246.733285933766,7.717600000000004,9,0,10,5,30,101.64,2.8030394876740514,604.4186481199998,1.0,42,253.58251712208408,4.462600000000006,10,0,10,5,30,133.14,0.0,18.010564684,0.0,1,6.84923118831809,-3.254999999999998,1,0,0,0,0,31.5,0.00331285214171,3.1104686024030146,0.0009520280937677,0.1741492622412414,1.18442520182164,-0.1380516779589466,0.1696884902791156,0.0,0.0037166512026047,0.0032963925161241,0.0013317713143562,5.293321959497788,0.3592529037009678
153,568,88.0,2.0,14.0,1.3535397412043912,594.6507029789748,0.3888964495033594,36.6587870321246,263.54788444559307,14.090268698561667,18.09604008247845,0.0,17.527121840165314,9.791152468768251,14.14802695313614,375.645138022576,2.8030395356411657,1532.1686444719996,1.0,94,677.6531098239798,38.624600000000015,47,0,46,26,30,958.7800000000004,2.8030394876740514,1550.1792091559996,1.0,95,684.5023410122978,4.462600000000006,48,0,46,26,30,990.2800000000004,-4.796711413201638e-08,18.010564684,0.0,1,6.84923118831809,-34.162000000000006,1,0,0,0,0,31.5,0.003310858761795,3.264056635137158,0.0010278628239515,0.1835715444168479,1.2523577991513126,-0.1413945451124958,0.1744000642814732,0.0,0.0083275221787344,0.0059018175307324,0.0039383784605013,5.389447088718707,0.34153085589824106
153,569,88.0,2.0,14.0,1.0632862567967036,222.3246091649469,0.3691561454717432,15.757084574429188,96.56720386593314,4.529288917756771,3.1091263510296048,0.3779644730092272,3.401680257083045,1.7320508075688772,12.025765988869384,41.84573033917614,3.1336156573659,586.4080834359999,1.0,41,246.733285933766,12.09526,9,1,10,5,30,103.67999999999998,3.1336156573659,604.4186481199998,1.0,42,253.58251712208408,8.840260000000002,10,1,10,5,30,133.14,0.0,18.010564684,0.0,1,6.84923118831809,-3.254999999999998,1,0,0,0,0,29.46,0.003537074739368,3.139979978256086,0.0010243140291807,0.1762454839990844,1.197415355014502,-0.137462153559576,0.1698935703356777,1.4533492465610064e-05,0.0039999274797203,0.0033733630314863,0.0028493376653718,5.294824299988554,0.30577114682198697
147,578,50.0,25.0,8.0,0.8682461773340867,228.79203214030832,0.2742070504925676,16.263455967290593,91.53077279410036,1.2107864231564536,5.570258322356135,1.130388330520878,5.744562646538029,3.2058973436118907,3.620926830400072,86.54904101144045,2.864712197425543,606.194855768,1.0,43,244.0193687600847,4.148399999999998,14,3,15,9,10,213.79,2.864712197425543,624.205420452,1.0,44,250.8685999484028,0.9269999999999994,15,3,15,9,10,245.29,0.0,18.010564684,0.0,1,6.84923118831809,-3.2213999999999987,1,0,0,0,0,31.5,0.0001336495961526,2.259854179592587,5.037929276121607e-05,0.1255807225845554,0.8594180539532762,-0.1032069014595601,0.1252595508054155,1.6993724867039154e-06,0.0003105287285239,0.0002567086524625,5.6841065288700085e-05,3.94158954377265,0.29653024368829034
147,579,50.0,25.0,8.0,1.6336902485056413,81.07834704571782,0.5773502691896258,5.5677643628300215,31.62977903100681,2.7841030985459807,3.2145502536643185,0.5773502691896258,3.4641016151377544,2.8867513459481287,0.5773502691896258,56.85954742462635,2.991046914684621,162.05282342,1.0,11,61.79361324845219,5.550999999999998,6,1,6,5,1,110.38,2.991046914684621,180.063388104,1.0,12,68.64284443677028,2.3296,6,1,6,5,1,110.38,0.0,18.010564684,0.0,1,6.84923118831809,-3.2213999999999987,0,0,0,0,0,0.0,0.0001446303264322,2.2597937798501704,4.999000331403234e-05,0.1255801648832395,0.8594273026477021,-0.1031936687624835,0.1252456250384579,4.324978112170446e-06,0.0002999400198841,0.0002499500165701,5.431498142620279e-05,3.941306974650877,0.3824030951528652
147,580,50.0,25.0,8.0,1.5209767378355823,81.77436818962583,0.5773502691896258,6.082762530298219,31.665763038106306,1.625298047538768,2.8867513459481287,0.0,3.4641016151377544,2.8867513459481287,0.5773502691896258,46.43165012503145,2.634408987061597,162.05282342,1.0,11,61.79361324845219,3.1000999999999985,5,0,6,5,1,81.88,2.634408987061597,180.063388104,1.0,12,68.64284443677028,-0.1213,6,0,6,5,1,110.38,0.0,18.010564684,0.0,1,6.84923118831809,-3.2213999999999987,1,0,0,0,0,28.5,0.0001316927378326,2.259770165733093,4.9989480934600445e-05,0.1255555154329332,0.8593492639050893,-0.103203348843214,0.125249947404673,0.0,0.0002999368856076,0.000249947404673,4.9989480934600445e-05,3.941426276828163,0.5284165530939597
151,582,,5.0,20.0,1.649074261043244,77.0788686459422,0.3979112128771107,5.272570530585627,29.065820473235465,1.179778365626357,2.6076809620810595,0.0,2.6076809620810595,2.16794833886788,1.949358868961793,42.58005049315935,4.619312134964085,176.032087976,1.0,12,65.95513534849599,2.430299999999998,6,0,6,5,5,100.63,4.619312134964085,194.04265266,1.0,13,72.80436653681407,-0.8247,7,0,6,5,5,132.13,0.0,18.010564684,0.0,1,6.84923118831809,-3.254999999999998,1,0,0,0,0,31.5,0.0015615455237473,4.593837974937971,0.0005010218513152,0.2562307702510137,1.7471999044071074,-0.2073931783491183,0.252936005614957,0.0,0.0031964995261347,0.0026965046417529,0.0007456576591867,7.923871916404154,0.6381145974750585
150,587,,4.0,16.0,1.1203133180367644,81.61036572939184,0.3081196685182376,5.984873720496732,35.7262069709517,1.5840911915721192,1.2635233389495324,0.7608859102526822,0.9459053029269172,0.88522637273985,1.535162905426923,23.76006060844456,3.716136771182721,398.145284324,1.0,29,173.7910025832228,7.128500000000003,5,3,3,4,6,96.21999999999998,3.716136771182721,416.155849008,1.0,30,180.6402337715409,5.402200000000004,6,3,3,4,6,127.71999999999998,0.0,18.010564684,0.0,1,6.84923118831809,-1.7262999999999993,1,0,0,0,0,31.5,0.0071776687026971,4.723925493999259,0.0015208191116776,0.2656300323060759,1.802143575558078,-0.2061275800869808,0.2560282816410402,0.0002453277048387,0.0058363796988771,0.0060112034666164,0.0048807054429868,7.971494244856209,0.11356354807729035
150,588,,4.0,16.0,1.1203133180367644,81.61036572939184,0.3081196685182376,5.984873720496732,35.7262069709517,1.5840911915721192,1.2635233389495324,0.7608859102526822,0.9459053029269172,0.88522637273985,1.535162905426923,23.76006060844456,3.716136771182721,398.145284324,1.0,29,173.7910025832228,7.128500000000003,5,3,3,4,6,96.21999999999998,3.716136771182721,416.155849008,1.0,30,180.6402337715409,5.402200000000004,6,3,3,4,6,127.71999999999998,0.0,18.010564684,0.0,1,6.84923118831809,-1.7262999999999993,1,0,0,0,0,31.5,0.0071776687026971,4.723925493999259,0.0015208191116776,0.2656300323060759,1.802143575558078,-0.2061275800869808,0.2560282816410402,0.0002453277048387,0.0058363796988771,0.0060112034666164,0.0048807054429868,7.971494244856209,0.3791958040925046
150,589,,4.0,16.0,1.0904425699628757,80.01057719667192,0.3182527989736789,5.852574782003846,34.88029776972339,1.688858899866385,1.3533583957579087,0.7451598203705946,1.2354415362426845,1.0500626547722611,1.5008769366431645,24.713286134768623,3.716136771182721,398.145284324,1.0,29,173.7910025832228,8.622000000000003,5,3,6,5,6,96.21999999999998,3.716136771182721,416.155849008,1.0,30,180.6402337715409,5.402200000000004,6,3,6,5,6,127.71999999999998,0.0,18.010564684,0.0,1,6.84923118831809,-3.219799999999999,1,0,0,0,0,31.5,0.0088415917082767,4.823417393371292,0.0021343829408773,0.2723819481077497,1.840068127117162,-0.2076062382814376,0.2590999919074847,0.0002447219228756,0.0095258829765574,0.0090829559037976,0.0061032919357182,8.019950108604643,0.19864800912116554
141,594,,,6.0,2.026745615285552,94.14850363029691,0.5773502691896258,6.350852961085884,35.87638256998984,1.4998961841852023,2.8867513459481287,0.0,3.4641016151377544,3.2145502536643185,2.6457513110645907,49.02630042470401,3.985164450858579,164.068473484,1.0,11,62.48013292467056,2.760699999999998,5,0,6,6,5,89.88,3.985164450858579,182.079038168,1.0,12,69.32936411298864,-0.8247,6,0,6,6,5,121.38,0.0,18.010564684,0.0,1,6.84923118831809,-3.585399999999998,1,0,0,0,0,31.5,0.0026725697584977,3.733925497008779,0.0008083930494985,0.2088923235444842,1.420075709507907,-0.1670237842589718,0.2040419652474928,0.0,0.0048503582969914,0.0044439120530933,0.0024161802719004,6.368187458606052,0.10729722491154917
141,595,,,6.0,1.1170106418983048,228.8696582350467,0.4386146514880687,16.04057355583023,97.0640159056844,3.005810868467944,3.391164991562634,0.0,3.7013511046643495,1.7888543819998317,13.107249902248755,40.088928272030415,2.7541847860376616,586.4080834359999,1.0,41,246.733285933766,7.684000000000005,9,0,10,5,30,101.64,2.7541847860376616,604.4186481199998,1.0,42,253.58251712208408,4.462600000000006,10,0,10,5,30,133.14,0.0,18.010564684,0.0,1,6.84923118831809,-3.2213999999999987,1,0,0,0,0,31.5,0.0008080493795021,3.028407926447048,0.0003005419488615,0.1684758946028139,1.151940252919233,-0.1377533296174289,0.1674016658236825,0.0,0.0010355875815335,0.0009516868102677,0.0005346269893926,5.260562379522397,0.6295145091003133
141,596,,,6.0,1.3975392047162565,302.9661973848017,0.5522798392421485,21.22105872319601,128.2995531538137,3.945952549554208,4.509249752822894,0.0,5.033222956847167,2.516611478423584,17.03917055884274,54.44826198634198,2.634408987061597,586.4080834359999,1.0,41,246.733285933766,7.717600000000004,9,0,10,5,30,101.64,2.634408987061597,604.4186481199998,1.0,42,253.58251712208408,4.462600000000006,10,0,10,5,30,133.14,0.0,18.010564684,0.0,1,6.84923118831809,-3.254999999999998,1,0,0,0,0,31.5,0.0004648953169279,3.032448993800187,0.0001769626347789,0.16876720395455,1.1535140391482266,-0.1378429150461716,0.1675736496367952,0.0,0.0010844107055278,0.0008772165304302,0.0003212988606075,5.2651069957698695,0.15835809893005046
140,597,80.0,20.0,6.0,1.4038753049068464,88.81973346841251,0.5773502691896258,6.082762530298219,34.2043551748253,1.2015907137346442,2.6457513110645907,0.0,3.2145502536643185,2.516611478423584,0.5773502691896258,39.72381695322509,2.634408987061597,162.05282342,1.0,11,61.79361324845219,2.3966999999999987,5,0,6,5,1,78.88,2.634408987061597,180.063388104,1.0,12,68.64284443677028,-0.8247,6,0,6,5,1,110.38,0.0,18.010564684,0.0,1,6.84923118831809,-3.2213999999999987,1,0,0,0,0,31.5,8.388800803045252e-05,6.008890653540111,3.5190210308072864e-05,0.3337019042546258,2.2851500818353747,-0.2749649744094694,0.3334907629927773,0.0,0.000192619869752,0.0001389082673476,1.666881821169338e-05,10.502197380713932,0.10179205361223438
140,599,80.0,20.0,6.0,1.4038753049068464,88.81973346841251,0.5773502691896258,6.082762530298219,34.2043551748253,1.2015907137346442,2.6457513110645907,0.0,3.2145502536643185,2.516611478423584,0.5773502691896258,39.72381695322509,2.634408987061597,162.05282342,1.0,11,61.79361324845219,2.3966999999999987,5,0,6,5,1,78.88,2.634408987061597,180.063388104,1.0,12,68.64284443677028,-0.8247,6,0,6,5,1,110.38,0.0,18.010564684,0.0,1,6.84923118831809,-3.2213999999999987,1,0,0,0,0,31.5,0.0004192629927176,6.030355690783313,0.000175876781849,0.3351754100629852,2.2934377829350265,-0.2752247349174664,0.3341201493718908,0.0,0.0009626928204065,0.0006942481678696,8.330891116121528e-05,10.510982265950672,0.261379133927488
140,600,80.0,20.0,6.0,1.4038753049068464,88.81973346841251,0.5773502691896258,6.082762530298219,34.2043551748253,1.2015907137346442,2.6457513110645907,0.0,3.2145502536643185,2.516611478423584,0.5773502691896258,39.72381695322509,2.634408987061597,162.05282342,1.0,11,61.79361324845219,2.3966999999999987,5,0,6,5,1,78.88,2.634408987061597,180.063388104,1.0,12,68.64284443677028,-0.8247,6,0,6,5,1,110.38,0.0,18.010564684,0.0,1,6.84923118831809,-3.2213999999999987,1,0,0,0,0,31.5,0.0006285628402478,4.542871138623252,0.0002636760492885,0.2527616579599341,1.727840681701737,-0.2066618455017393,0.2511796016642025,0.0,0.0014432777134911,0.001040823081962,0.0001248974670481,7.891464711644515,0.7092225381861806
144,603,,4.0,16.0,1.36710899912435,68.29141647512313,0.478713553878169,4.645786621588784,26.31620636227485,1.4219524262435776,2.160246899469287,0.0,2.6457513110645907,2.217355782608345,0.957427107756338,38.62242914853148,2.8030394876740514,161.068807832,1.0,11,62.3392701932689,3.345899999999998,5,0,6,5,2,84.67000000000002,2.8030394876740514,179.079372516,1.0,12,69.18850138158699,0.0908999999999999,6,0,6,5,2,116.17000000000002,0.0,18.010564684,0.0,1,6.84923118831809,-3.254999999999998,1,0,0,0,0,31.5,0.0041774910596079,3.7404391329894975,0.0013679841161823,0.2094439295314528,1.4239674287312118,-0.1663098718925831,0.2039575730005371,0.0,0.0051647577025232,0.0047575561131324,0.0020071678145813,6.359694538835052,0.3504342923891796
144,604,,4.0,16.0,0.8663447889644887,232.68794402740517,0.3084832570687218,16.585864737507933,93.28228894610692,1.1635146306069222,5.536654716933814,1.1908743922772955,5.758787751223027,3.219260219931959,3.503245248726853,86.76140298123774,2.864712197425543,606.194855768,1.0,43,244.0193687600847,4.181999999999998,14,3,15,9,10,213.79,2.864712197425543,624.205420452,1.0,44,250.8685999484028,0.9269999999999994,15,3,15,9,10,245.29,0.0,18.010564684,0.0,1,6.84923118831809,-3.254999999999998,1,0,0,0,0,31.5,0.0043338864789136,3.775394786170226,0.0013988530215737,0.2119356930823768,1.4381175814897575,-0.1662758989285291,0.2047328940082707,0.0001376099743738,0.0060194870978058,0.0053024087319773,0.002561035926177,6.37151170750728,0.8326127493044785
144,605,,4.0,16.0,0.8663447889644887,232.68794402740517,0.3084832570687218,16.585864737507933,93.28228894610692,1.1635146306069222,5.536654716933814,1.1908743922772955,5.758787751223027,3.219260219931959,3.503245248726853,86.76140298123774,2.864712197425543,606.194855768,1.0,43,244.0193687600847,4.181999999999998,14,3,15,9,10,213.79,2.864712197425543,624.205420452,1.0,44,250.8685999484028,0.9269999999999994,15,3,15,9,10,245.29,0.0,18.010564684,0.0,1,6.84923118831809,-3.254999999999998,1,0,0,0,0,31.5,0.0044901570028686,3.8103225242202905,0.001429697275458,0.2144254667432893,1.452256434120077,-0.1662419530948431,0.2055075958547164,0.0002751100552091,0.0068735339172936,0.0058468262385969,0.0031144617258917,6.383319439142074,0.7617057277207653
134,611,70.0,4.0,8.0,1.1203497756902263,81.3789929936854,0.3081196685182376,5.949593332213005,35.47685876818363,1.7063791625983098,1.382852378872881,0.7608859102526822,1.2635233389495326,1.0706067580626215,1.574653029636272,25.698959600758226,3.716136771182721,398.145284324,1.0,29,173.7910025832228,8.657200000000003,5,3,6,5,6,96.21999999999998,3.716136771182721,416.155849008,1.0,30,180.6402337715409,5.402200000000004,6,3,6,5,6,127.71999999999998,0.0,18.010564684,0.0,1,6.84923118831809,-3.254999999999998,1,0,0,0,0,31.5,0.0007786151833455,4.542848169169619,0.0002476376517199,0.2527676071564905,1.72803336709611,-0.2066490059967359,0.2512185616271505,9.901581541127906e-06,0.0013970727724167,0.0012032142691252,0.0003685867198849,7.895478130534264,0.3895342647787732
134,613,70.0,4.0,8.0,1.0155641895987044,210.1678644235044,0.3324275355665148,15.246689426283282,83.16620553113067,1.665851796419877,5.507829185457945,1.833527573237818,5.760163815334351,3.0801265375272315,1.718012500410562,92.9333819176074,3.716136771182721,1066.0559748120006,1.0,77,417.16876912136814,8.657200000000003,29,8,30,17,7,495.10000000000014,3.716136771182721,1084.0665394960006,1.0,78,424.0180003096862,5.402200000000004,30,8,30,17,7,526.6000000000001,0.0,18.010564684,0.0,1,6.84923118831809,-3.254999999999998,1,0,0,0,0,31.5,0.0007786216705107,4.542848934891599,0.0002476377588103,0.2527676629505661,1.7280336714863245,-0.2066490011684437,0.2512185806407507,9.908164806809485e-06,0.0013970928120173,0.0012032271569873,0.0003685900016321,7.895478438014685,0.2910042170298636
137,623,70.0,8.5,16.0,0.9209172209228158,77.54708752625999,0.2876208011707938,5.732115042211108,34.016612904618334,1.522335461544594,1.2090925365350504,0.8047478161629564,0.8047478161629565,0.8646496675642961,1.503963018795596,24.15993087738456,3.716136771182721,398.145284324,1.0,29,173.7910025832228,7.128500000000003,5,3,3,4,6,107.48999999999998,3.716136771182721,416.155849008,1.0,30,180.6402337715409,5.402200000000004,6,3,3,4,6,127.71999999999998,0.0,18.010564684,0.0,1,6.84923118831809,-1.7262999999999993,1,0,0,0,0,20.23,0.0746492020809311,7.526265393318365,0.040260919234173,0.4413440435181188,2.9621604545279623,-0.2439302192902476,0.3459706983966902,0.0004038810616348,0.0490569867330106,0.0491263024483976,0.0118854499956551,10.285249050565756,0.002685976950211083
129,634,70.0,10.0,6.0,1.5719190673773953,83.54930047879773,0.5,5.686240703077327,32.19466740571946,1.7291485505878308,2.6457513110645907,0.0,3.214550253664318,2.6457513110645907,0.5773502691896258,47.298917887551454,2.8030394876740514,161.068807832,1.0,11,62.3392701932689,3.345899999999998,5,0,6,5,1,84.67000000000002,2.8030394876740514,179.079372516,1.0,12,69.18850138158699,0.0908999999999999,6,0,6,5,1,116.17000000000002,0.0,18.010564684,0.0,1,6.84923118831809,-3.254999999999998,1,0,0,0,0,31.5,0.0009963322265566,2.605643203577541,0.0002552083478431,0.1451192714205,0.991327144924177,-0.1179698759130644,0.1438060866386081,0.0,0.0010951194767249,0.0009489437814653,0.0001461756952596,4.513641474887605,0.08359582396195905
129,635,70.0,10.0,6.0,1.5719190673773953,83.54930047879773,0.5,5.686240703077327,32.19466740571946,1.7291485505878308,2.6457513110645907,0.0,3.214550253664318,2.6457513110645907,0.5773502691896258,47.298917887551454,2.8030394876740514,161.068807832,1.0,11,62.3392701932689,3.345899999999998,5,0,6,5,1,84.67000000000002,2.8030394876740514,179.079372516,1.0,12,69.18850138158699,0.0908999999999999,6,0,6,5,1,116.17000000000002,0.0,18.010564684,0.0,1,6.84923118831809,-3.254999999999998,1,0,0,0,0,31.5,0.001188267573762,2.6173926323123515,0.0003281283201243,0.1459216698866361,0.9958744793154726,-0.1181473309182594,0.1441708537626399,0.0,0.0015328623272465,0.001313710905497,0.0002191514217494,4.519819682900676,0.4638831676608771
129,636,70.0,10.0,6.0,1.5711652491362993,185.20147121283023,0.4409585518440984,11.63328557774343,78.70136723183495,4.576613890203107,5.909032633745278,0.0,6.3966136874651625,4.546060565661952,4.856267428111155,117.00867101059931,2.8030398991026124,412.0529816799999,1.0,26,174.87983147306718,10.127300000000004,13,0,14,10,10,251.06,2.8030394876740514,430.0635463639999,1.0,27,181.72906266138529,0.0908999999999999,14,0,14,10,10,282.56,-4.114285611122452e-07,18.010564684,0.0,1,6.84923118831809,-10.036400000000004,1,0,0,0,0,31.5,0.0009961200030772,2.618173960122066,0.0002805102008992,0.1459099033704156,0.996645552432788,-0.1182501313379711,0.144201441403806,0.0,0.001520870560167,0.001253016189096,0.0004504190862052,4.521277685590566,0.20940965316180898
129,637,70.0,10.0,6.0,1.5711652491362993,185.20147121283023,0.4409585518440984,11.63328557774343,78.70136723183495,4.576613890203107,5.909032633745278,0.0,6.3966136874651625,4.546060565661952,4.856267428111155,117.00867101059931,2.8030398991026124,412.0529816799999,1.0,26,174.87983147306718,10.127300000000004,13,0,14,10,10,251.06,2.8030394876740514,430.0635463639999,1.0,27,181.72906266138529,0.0908999999999999,14,0,14,10,10,282.56,-4.114285611122452e-07,18.010564684,0.0,1,6.84923118831809,-10.036400000000004,1,0,0,0,0,31.5,0.0011916459438607,2.636526114845698,0.0003677102652248,0.1471300795821087,1.003986802206586,-0.1185736147514225,0.1447744150943047,0.0,0.0021836934783075,0.0017795405631828,0.0006796162630828,4.5314606573237,0.3454191967979522
131,656,,4.0,7.0,1.509768842532294,74.55647795938658,0.4183300132670378,5.06951674225463,28.056607409808358,1.1078981505535594,2.8284271247461903,0.0,2.7748873851023217,2.280350850198276,0.8366600265340756,51.44654390724416,2.757578124770353,176.032087976,1.0,12,65.95513534849599,2.486399999999997,6,0,6,5,2,107.22,2.757578124770353,194.04265266,1.0,13,72.80436653681407,-0.8247,7,0,6,5,2,127.45,0.0,18.010564684,0.0,1,6.84923118831809,-3.311099999999997,1,0,0,0,0,20.23,0.0055612934664031,2.898306045598499,0.0028162532254478,0.1638376018777329,1.1065437461843912,-0.1227182649124388,0.1503976882212917,0.0,0.0089095507117834,0.0082601403651254,0.0051995662197903,4.592060750782032,-0.03691949563289635
131,660,,4.0,7.0,1.3557636345814308,202.726748355154,0.3981438414926426,15.302505241517371,91.76174955682832,4.725546766424673,2.5298221281347035,0.0,2.503331114069145,2.065591117977289,3.669695718539436,46.01752477770472,2.757578124770353,578.3759954599999,1.0,43,258.4369783443734,12.2165,6,0,6,5,10,107.22,2.757578124770353,596.3865601439999,1.0,44,265.2862095326915,8.905400000000004,7,0,6,5,10,127.45,0.0,18.010564684,0.0,1,6.84923118831809,-3.311099999999997,1,0,0,0,0,20.23,0.005562585328161,2.898695568650332,0.0028165103520902,0.1638665765877918,1.1067178794934989,-0.1227116627944334,0.150399680951364,0.0,0.0089122131021532,0.0082614535496,0.0052063030080577,4.592089456684582,-0.19948094874835545
127,674,,23.5,4.0,1.1875177306804878,159.7111417595194,0.4908288227280724,11.3507394346926,65.47472152334336,2.7308436472152176,3.505098327538656,0.0,3.732100136460895,2.267786838055363,8.70139561876632,52.51926034459032,2.8030394876740514,504.3298331159998,1.0,35,209.23323627957052,8.3712,10,0,10,5,25,133.14,2.8030394876740514,522.3403977999998,1.0,36,216.08246746788865,1.9984000000000008,10,0,10,5,25,133.14,-0.0,18.010564684,0.0,1,6.84923118831809,-6.3728,0,0,0,0,0,0.0,0.0030333447799657,4.627192921154825,0.0005084967641932,0.2569201229549784,1.7702224556597366,-0.2080078917153383,0.2516330391893515,0.0,0.0028814385198779,0.0024595640588377,0.0007301776240162,7.885436553778239,0.2011143587869931
127,675,,23.5,4.0,1.0332500880366682,202.0563496871421,0.4269206983426437,14.733388180344916,82.02293687894756,3.1121544061367463,4.500505022166452,1.2720777563426766,4.69816211647994,2.805838069584072,7.433340127731642,65.92412418144748,2.8030394876740514,592.179205704,1.0,42,237.65751000165403,9.8844,15,3,15,8,25,234.29,2.8030394876740514,610.1897703879999,1.0,43,244.50674118997213,3.5116000000000014,15,3,15,8,25,234.29,-0.0,18.010564684,0.0,1,6.84923118831809,-6.3728,0,0,0,0,0,0.0,0.0030338091697833,4.627294512862552,0.0005085781799146,0.2569274553514485,1.7702641883826409,-0.2080072378013591,0.251635100953623,6.150230908083108e-07,0.0028837285827913,0.0024601482822535,0.0007317270462589,7.885459339008381,0.2871331072577876
127,676,,23.5,4.0,1.0332500880366682,202.0563496871421,0.4269206983426437,14.733388180344916,82.02293687894756,3.1121544061367463,4.500505022166452,1.2720777563426766,4.69816211647994,2.805838069584072,7.433340127731642,65.92412418144748,2.8030394876740514,592.179205704,1.0,42,237.65751000165403,9.8844,15,3,15,8,25,234.29,2.8030394876740514,610.1897703879999,1.0,43,244.50674118997213,3.5116000000000014,15,3,15,8,25,234.29,-0.0,18.010564684,0.0,1,6.84923118831809,-6.3728,0,0,0,0,0,0.0,0.0030342735587484,4.627396104383802,0.0005086595954865,0.2569347877344597,1.770305921028943,-0.2080065838885803,0.2516371627141102,1.2300450527088508e-06,0.0028860186415013,0.002460732504597,0.0007332764656576,7.885482124196703,0.3663738066711213
127,677,,23.5,4.0,1.0332500880366682,202.0563496871421,0.4269206983426437,14.733388180344916,82.02293687894756,3.1121544061367463,4.500505022166452,1.2720777563426766,4.69816211647994,2.805838069584072,7.433340127731642,65.92412418144748,2.8030394876740514,592.179205704,1.0,42,237.65751000165403,9.8844,15,3,15,8,25,234.29,2.8030394876740514,610.1897703879999,1.0,43,244.50674118997213,3.5116000000000014,15,3,15,8,25,234.29,-0.0,18.010564684,0.0,1,6.84923118831809,-6.3728,0,0,0,0,0,0.0,0.0030347379468611,4.627497695718575,0.000508741010909,0.2569421201040118,1.7703476535986422,-0.2080059299770016,0.2516392244708128,1.845065885704728e-06,0.0028883086960077,0.0024613167258681,0.0007348258822122,7.885504909343202,0.3928056470335882
127,678,,23.5,4.0,1.0332500880366682,202.0563496871421,0.4269206983426437,14.733388180344916,82.02293687894756,3.1121544061367463,4.500505022166452,1.2720777563426766,4.69816211647994,2.805838069584072,7.433340127731642,65.92412418144748,2.8030394876740514,592.179205704,1.0,42,237.65751000165403,9.8844,15,3,15,8,25,234.29,2.8030394876740514,610.1897703879999,1.0,43,244.50674118997213,3.5116000000000014,15,3,15,8,25,234.29,-0.0,18.010564684,0.0,1,6.84923118831809,-6.3728,0,0,0,0,0,0.0,0.0030352023341214,4.6275992868668725,0.0005088224261821,0.2569494524601051,1.7703893860917392,-0.2080052760666234,0.251641286223731,2.460085589799052e-06,0.0028905987463106,0.0024619009460668,0.0007363752959227,7.885527694447876,0.396220078317265
126,683,50.0,25.0,6.0,1.1203497756902263,81.40437641763685,0.3081196685182376,5.949593332213006,35.467680988362275,1.7030746073289498,1.382852378872881,0.7608859102526822,1.2635233389495326,1.0706067580626215,1.5746530296362722,25.204885526142835,3.716136771182721,398.145284324,1.0,29,173.7910025832228,8.623600000000003,5,3,6,5,6,96.21999999999998,3.716136771182721,416.155849008,1.0,30,180.6402337715409,5.402200000000004,6,3,6,5,6,127.71999999999998,0.0,18.010564684,0.0,1,6.84923118831809,-3.2213999999999987,1,0,0,0,0,31.5,0.0012677333341993,3.0548137066072694,0.0003217467773244,0.1703509608321241,1.1624638185354714,-0.1378009380084752,0.1682100821548304,3.295295222467558e-05,0.0016351058391319,0.0014923387229337,0.0007242712476131,5.27465113405852,0.23400764501390992
126,684,50.0,25.0,6.0,1.1203497756902263,81.40437641763685,0.3081196685182376,5.949593332213006,35.467680988362275,1.7030746073289498,1.382852378872881,0.7608859102526822,1.2635233389495326,1.0706067580626215,1.5746530296362722,25.204885526142835,3.716136771182721,398.145284324,1.0,29,173.7910025832228,8.623600000000003,5,3,6,5,6,96.21999999999998,3.716136771182721,416.155849008,1.0,30,180.6402337715409,5.402200000000004,6,3,6,5,6,127.71999999999998,0.0,18.010564684,0.0,1,6.84923118831809,-3.2213999999999987,1,0,0,0,0,31.5,0.0012677333341993,3.0548137066072694,0.0003217467773244,0.1703509608321241,1.1624638185354714,-0.1378009380084752,0.1682100821548304,3.295295222467558e-05,0.0016351058391319,0.0014923387229337,0.0007242712476131,5.27465113405852,0.29854771979731604
126,685,50.0,25.0,6.0,1.1203497756902263,81.40437641763685,0.3081196685182376,5.949593332213006,35.467680988362275,1.7030746073289498,1.382852378872881,0.7608859102526822,1.2635233389495326,1.0706067580626215,1.5746530296362722,25.204885526142835,3.716136771182721,398.145284324,1.0,29,173.7910025832228,8.623600000000003,5,3,6,5,6,96.21999999999998,3.716136771182721,416.155849008,1.0,30,180.6402337715409,5.402200000000004,6,3,6,5,6,127.71999999999998,0.0,18.010564684,0.0,1,6.84923118831809,-3.2213999999999987,1,0,0,0,0,31.5,0.0012677333341993,3.0548137066072694,0.0003217467773244,0.1703509608321241,1.1624638185354714,-0.1378009380084752,0.1682100821548304,3.295295222467558e-05,0.0016351058391319,0.0014923387229337,0.0007242712476131,5.27465113405852,0.3676932358448994
126,686,50.0,25.0,6.0,1.2461492288746616,79.23474773066903,0.3219522714739134,5.791100249975229,34.90281337165501,1.766206612243194,1.3945382182304158,0.7539370349250519,1.2343760409722455,1.1742858972247996,1.5727950313140986,25.676975432640443,3.716136771182721,398.145284324,1.0,29,173.7910025832228,8.623600000000003,5,3,6,5,6,96.21999999999998,3.716136771182721,416.155849008,1.0,30,180.6402337715409,5.402200000000004,6,3,6,5,6,127.71999999999998,0.0,18.010564684,0.0,1,6.84923118831809,-3.2213999999999987,1,0,0,0,0,31.5,0.0012675752653072,3.0574259502299617,0.0003217066556587,0.1705375506685965,1.1640057429042905,-0.1378449796803842,0.1682306729434688,5.3732094802369486e-05,0.0016764684458231,0.0014921526290251,0.0007449641831375,5.274827419537151,0.4892172208757322
106,720,70.0,10.0,6.0,1.048739413191387,204.788544686092,0.4321446113164624,14.777046765545242,95.37504412604112,7.3110725984632285,2.260776661041756,0.3333333333333333,2.351122663277647,2.1473497877875207,15.198684153570664,41.739642461067845,3.306535412749064,658.6991674999999,1.0,47,297.5874823169094,20.174999999999965,6,1,6,5,43,110.38,3.306535412749064,676.7097321839999,1.0,48,304.4367135052275,16.953599999999966,6,1,6,5,43,110.38,0.0,18.010564684,0.0,1,6.84923118831809,-3.2213999999999987,0,0,0,0,0,0.0,0.0006451202701939,2.6062114988965703,0.0002113863035605,0.1451476493473825,0.9916236035209838,-0.1179973893682616,0.143695355783061,2.296440460298462e-05,0.0010483222305095,0.0009287097794403,0.0005864069708128,4.512934779537482,0.29190719744811755
109,729,85.0,5.0,6.0,1.2970910177081985,71.32958737908162,0.478713553878169,4.83045891539648,27.2232143081985,1.7351886648142896,2.3804761428476167,0.0,2.70801280154532,2.217355782608345,0.5,43.823516517961,2.8030394876740514,161.068807832,1.0,11,62.3392701932689,3.942899999999998,5,0,6,5,1,95.94,2.8030394876740514,179.079372516,1.0,12,69.18850138158699,0.6879,6,0,6,5,1,116.17000000000002,0.0,18.010564684,0.0,1,6.84923118831809,-3.254999999999998,1,0,0,0,0,20.23,0.0036600601316709,3.0862534516475364,0.0007454939319593,0.1725895587545346,1.1754162477499688,-0.136994248037311,0.1689058743915045,0.0,0.0025900620424343,0.0023406554221279,0.0002494066203064,5.275728555808059,0.44419774236239307
109,731,85.0,5.0,6.0,1.1234809443883331,241.0921844332463,0.4147288270665544,17.93599732381782,107.90769485926111,4.603821494693296,2.16794833886788,0.0,2.5099800796022262,1.9235384061671343,4.381780460041329,39.35674592747729,2.8030394876740514,578.3759954599999,1.0,43,258.4369783443734,12.160400000000005,5,0,6,5,10,95.94,2.8030394876740514,596.3865601439999,1.0,44,265.2862095326915,8.905400000000004,6,0,6,5,10,116.17000000000002,0.0,18.010564684,0.0,1,6.84923118831809,-3.254999999999998,1,0,0,0,0,20.23,0.0036615037198167,3.086686217682852,0.0007457901420964,0.172621734834045,1.1756096389374542,-0.1369869632147835,0.1689081110293921,0.0,0.0025930460036406,0.0023421427043233,0.0002568944980946,5.275760717782803,0.5621283715990292
102,736,,20.0,6.0,1.36710899912435,68.29141647512313,0.478713553878169,4.645786621588784,26.31620636227485,1.4219524262435776,2.160246899469287,0.0,2.6457513110645907,2.217355782608345,0.957427107756338,38.62242914853148,2.8030394876740514,161.068807832,1.0,11,62.3392701932689,3.345899999999998,5,0,6,5,2,84.67000000000002,2.8030394876740514,179.079372516,1.0,12,69.18850138158699,0.0908999999999999,6,0,6,5,2,116.17000000000002,0.0,18.010564684,0.0,1,6.84923118831809,-3.254999999999998,1,0,0,0,0,31.5,0.0061125654089139,6.16304627872531,0.0016882032490982,0.3443195222274368,2.3461082562915747,-0.2754478013529317,0.3377187771445163,0.0,0.0055465490376422,0.0052102032666466,0.0019858646819227,10.558667461997787,0.24354830904828842
164,743,50.0,25.0,6.0,1.862808459170039,114.58865035070816,0.7071067811865476,7.7781745930520225,43.69468296199943,1.6947228224697977,3.5355339059327378,0.0,4.242640687119285,3.5355339059327378,0.7071067811865476,55.776582899994864,2.634408987061597,162.05282342,1.0,11,61.79361324845219,2.3966999999999987,5,0,6,5,1,78.88,2.634408987061597,180.063388104,1.0,12,68.64284443677028,-0.8247,6,0,6,5,1,110.38,0.0,18.010564684,0.0,1,6.84923118831809,-3.2213999999999987,1,0,0,0,0,31.5,0.0006584275218575,9.045784799841016,0.000249933675861,0.5027492704344712,3.4400598990629643,-0.4129490160409361,0.5012496683793051,0.0,0.001499602055166,0.001249668379305,0.000249933675861,15.769714768351916,0.29113091603059055
172,745,,21.0,7.0,1.1526006441619348,228.6986976860653,0.3199540553102686,15.710310398392922,87.7788429773407,3.5323169486124253,6.897518218588305,0.7025001733142089,7.023306901085829,4.122843132819329,1.8708286933869709,106.99737316130673,3.716136771182721,1116.359199256,1.0,76,427.0745393107513,20.63280000000004,34,3,35,21,7,533.8200000000002,3.716136771182721,1134.36976394,1.0,77,433.9237704990694,5.402200000000004,35,3,35,21,7,554.0500000000002,0.0,18.010564684,0.0,1,6.84923118831809,-15.230600000000033,1,0,0,0,0,20.23,0.0215258071109536,6.591816155836579,0.0096736017575537,0.3741891147146663,2.528162647752884,-0.2737682335589795,0.3463336059857711,0.0003365880033932,0.0202047067735839,0.0199709316363761,0.012388322587903,10.641766358318074,0.5289927395855757
172,746,,21.0,7.0,0.9651031244553996,78.56826606725342,0.2889204296986229,5.77473973851801,34.425845026727146,1.609751675966263,1.2891488517253396,0.7302967433402215,0.8451542547285164,0.8890872794479685,1.5599145275730115,25.52233679964054,3.716136771182721,398.145284324,1.0,29,173.7910025832228,7.070300000000004,5,3,3,4,6,107.48999999999998,3.716136771182721,416.155849008,1.0,30,180.6402337715409,5.402200000000004,6,3,3,4,6,127.71999999999998,0.0,18.010564684,0.0,1,6.84923118831809,-1.6681,1,0,0,0,0,20.23,0.021855584997391,6.5914514333949725,0.0097072105637703,0.374408854773251,2.5263213196636283,-0.2730087685819439,0.3459671868565273,0.0004488191798991,0.0198563322204609,0.0198562030286801,0.0124245958055724,10.634997551588748,0.3588019113124666
172,747,,21.0,7.0,0.9544875416731458,81.03839664568268,0.2659533965760294,5.9766703301499,35.70035374341399,1.5786115640017344,1.124591429076774,0.7859052479933758,0.7952062255644572,0.8617697249402123,1.5387160422974504,21.89199309712814,3.716136771182721,398.145284324,0.8333333333333334,29,173.7910025832228,7.011600000000003,5,3,3,4,6,96.21999999999998,3.716136771182721,416.155849008,0.8333333333333334,30,180.6402337715409,5.402200000000004,6,3,3,4,6,127.71999999999998,0.0,18.010564684,0.0,1,6.84923118831809,-1.6093999999999995,1,0,0,0,0,31.5,0.0091997263865908,6.320737699874487,0.0018816789473867,0.3557475103154131,2.4131067387987426,-0.2735064995747481,0.3410268139605985,0.0003447796419175,0.0069608224345759,0.0069606900912952,0.0073641302666228,10.623752250664875,0.15839888148523731
141,748,,,6.0,1.9888822896703635,77.33045832470782,0.5773502691896257,5.830951894845301,30.06245662393454,2.2726721737124045,3.2015621187164243,0.0,3.4641016151377544,3.2015621187164243,2.3804761428476167,59.39315869694085,3.985164450858579,164.068473484,1.0,11,62.48013292467056,5.5481,6,0,6,6,5,121.38,3.985164450858579,182.079038168,1.0,12,69.32936411298864,-0.8247,6,0,6,6,5,121.38,-0.0,18.010564684,0.0,1,6.84923118831809,-6.3728,0,0,0,0,0,0.0,0.0022235122809927,3.1363817018992317,0.0006725631268235,0.1746080363199925,1.1982495666149355,-0.1406904525575395,0.1697578946716508,0.0,0.0040353787609412,0.0036972254865515,0.002010202536559,5.298175277502907,0.2680154279872129
141,749,,,6.0,1.2735583019402397,208.85242043712643,0.5056001487506374,15.083103128998356,87.35995474955837,3.552302630501332,3.65604522218567,0.0,3.847076812334269,1.96638416050035,12.029131306956458,49.32636076852484,2.7541847860376616,586.4080834359999,1.0,41,246.733285933766,10.835400000000009,10,0,10,5,30,133.14,2.7541847860376616,604.4186481199998,1.0,42,253.58251712208408,4.462600000000006,10,0,10,5,30,133.14,-0.0,18.010564684,0.0,1,6.84923118831809,-6.3728,0,0,0,0,0,0.0,0.000806729687652,3.053376518904915,0.0003000511091051,0.1690173338652304,1.1668780968036374,-0.1392630105705072,0.1671282684055302,0.0,0.0010338962783456,0.0009501325323246,0.0005337538461186,5.251970922767685,0.0342173526048341
141,750,,,6.0,1.3898135988856015,259.568386647017,0.5516163512427215,18.947295321496416,107.47950302825798,4.5764909478587805,4.645786621588784,0.0,4.898979485566356,2.449489742783178,14.84082207965583,64.55079259776753,2.634408987061597,586.4080834359999,1.0,41,246.733285933766,10.835400000000009,10,0,10,5,30,133.14,2.634408987061597,604.4186481199998,1.0,42,253.58251712208408,4.462600000000006,10,0,10,5,30,133.14,-0.0,18.010564684,0.0,1,6.84923118831809,-6.3728,0,0,0,0,0,0.0,0.0004641354970189,3.057429435601776,0.0001766734089508,0.1693085672760856,1.1684603512546596,-0.1393535653709022,0.1672997690650272,0.0,0.0010826383563267,0.0008757828171618,0.0003207737332033,5.256501761489025,0.10892336616493743
135,752,70.0,20.0,5.0,1.5920884726475868,101.63217337895549,0.4811252243246882,6.928203230275509,38.07921514789236,1.3304459603205727,3.4641016151377544,0.0,3.4641016151377544,2.8867513459481287,0.5773502691896258,55.3967583287446,2.757578124770353,176.032087976,0.8333333333333334,12,65.95513534849599,2.3043999999999984,6,0,6,5,1,95.95,2.757578124770353,194.04265266,0.8333333333333334,13,72.80436653681407,-0.8247,7,0,6,5,1,127.45,0.0,18.010564684,0.0,1,6.84923118831809,-3.1290999999999984,1,0,0,0,0,31.5,0.0010219096195865,3.6673473112834274,0.0003088185759837,0.2044469874941656,1.3942880428361817,-0.1657939698317962,0.2022234937470828,0.0,0.0022234937470828,0.0018529114559023,0.0003705822911804,6.335557370838765,0.11788491981936056
121,754,,,10.0,1.8994862446476055,81.36567326507623,0.478713553878169,5.597618541248888,30.88282216006986,1.0613531500714852,2.753785273643051,0.0,2.5,2.160246899469287,2.160246899469287,47.067228071486575,4.619312134964085,174.016437912,1.0,12,65.37623172040985,2.430299999999998,6,0,6,5,5,100.63,4.619312134964085,192.027002596,1.0,13,72.22546290872793,-0.8247,7,0,6,5,5,132.13,0.0,18.010564684,0.0,1,6.84923118831809,-3.254999999999998,1,0,0,0,0,31.5,0.0044008471656321,3.779271014614176,0.0007298948564424,0.2121786073143287,1.4369800629865888,-0.1659380865127539,0.2059109053787391,0.0,0.0047753087372209,0.00453526451391,0.0042045318863112,6.398822308779666,0.3448618202570656
120,758,90.0,4.0,14.0,1.6804590879289296,170.2130650316102,0.5641065283783131,12.013880860626733,74.36233438592636,4.308094481709212,2.516611478423584,0.0,3.055050463303893,2.516611478423583,10.692676621563626,39.51376637747069,3.124618448682083,340.29774514,1.0,24,148.0523969613863,8.365700000000006,5,0,6,5,19,78.88,3.124618448682083,358.30830982399993,1.0,25,154.9016281497044,5.144300000000007,6,0,6,5,19,110.38,0.0,18.010564684,0.0,1,6.84923118831809,-3.2213999999999987,1,0,0,0,0,31.5,0.0012692460494454,6.100181857633811,0.0004524682952076,0.3400076016156263,2.3222306828749457,-0.2749489324139079,0.3353745715336838,0.0,0.0024996822597659,0.0019157471519872,0.0027172829299552,10.53068814787708,0.35032933247818876
120,759,90.0,4.0,14.0,1.6804590879289296,170.2130650316102,0.5641065283783131,12.013880860626733,74.36233438592636,4.308094481709212,2.516611478423584,0.0,3.055050463303893,2.516611478423583,10.692676621563626,39.51376637747069,3.124618448682083,340.29774514,1.0,24,148.0523969613863,8.365700000000006,5,0,6,5,19,78.88,3.124618448682083,358.30830982399993,1.0,25,154.9016281497044,5.144300000000007,6,0,6,5,19,110.38,0.0,18.010564684,0.0,1,6.84923118831809,-3.2213999999999987,1,0,0,0,0,31.5,0.0012692460494454,6.100181857633811,0.0004524682952076,0.3400076016156263,2.3222306828749457,-0.2749489324139079,0.3353745715336838,0.0,0.0024996822597659,0.0019157471519872,0.0027172829299552,10.53068814787708,0.39507681031060066
120,760,90.0,4.0,14.0,1.26770241763766,132.51928253461324,0.4396710788718902,9.311283477587825,57.381067313263664,3.437697986589284,2.280350850198276,0.0,2.792848008753788,2.302172886644268,8.28854631404084,39.67026745561466,3.124618448682083,340.29774514,1.0,24,148.0523969613863,8.399300000000006,5,0,6,5,19,84.67000000000002,3.124618448682083,358.30830982399993,1.0,25,154.9016281497044,5.144300000000007,6,0,6,5,19,116.17000000000002,0.0,18.010564684,0.0,1,6.84923118831809,-3.254999999999998,1,0,0,0,0,31.5,0.0035422558610056,6.17465790629011,0.0010343769247089,0.3451589030104467,2.351525022246522,-0.2753042650279824,0.3375373925212649,0.0,0.0049953055858098,0.0040788814139931,0.0030444463287712,10.5617762732261,0.4364418857974733
120,761,90.0,4.0,14.0,1.26770241763766,132.51928253461324,0.4396710788718902,9.311283477587825,57.381067313263664,3.437697986589284,2.280350850198276,0.0,2.792848008753788,2.302172886644268,8.28854631404084,39.67026745561466,3.124618448682083,340.29774514,1.0,24,148.0523969613863,8.399300000000006,5,0,6,5,19,84.67000000000002,3.124618448682083,358.30830982399993,1.0,25,154.9016281497044,5.144300000000007,6,0,6,5,19,116.17000000000002,0.0,18.010564684,0.0,1,6.84923118831809,-3.254999999999998,1,0,0,0,0,31.5,0.0035422558610056,6.17465790629011,0.0010343769247089,0.3451589030104467,2.351525022246522,-0.2753042650279824,0.3375373925212649,0.0,0.0049953055858098,0.0040788814139931,0.0030444463287712,10.5617762732261,0.4964267171609199
117,762,,16.0,5.0,1.5719190673773953,83.54930047879773,0.5,5.686240703077327,32.19466740571946,1.7291485505878308,2.6457513110645907,0.0,3.214550253664318,2.6457513110645907,0.5773502691896258,47.298917887551454,2.8030394876740514,161.068807832,1.0,11,62.3392701932689,3.345899999999998,5,0,6,5,1,84.67000000000002,2.8030394876740514,179.079372516,1.0,12,69.18850138158699,0.0908999999999999,6,0,6,5,1,116.17000000000002,0.0,18.010564684,0.0,1,6.84923118831809,-3.254999999999998,1,0,0,0,0,31.5,0.0022032923194073,3.659493672373381,0.0004992164950314,0.2039970164890959,1.392623142901882,-0.1648795985956629,0.2015994635014072,0.0,0.0017998070051886,0.0015994635014072,0.0002003435037814,6.320430011163675,0.3898880802006385
116,766,,0.0,14.0,1.5007205338319125,75.68723921551779,0.4314059701848262,5.89915248150105,28.031311532655412,1.991305831106814,3.420526275297414,0.0,3.286335345030997,2.5099800796022267,0.8366600265340756,58.77060549288225,2.757578124770353,176.032087976,0.8333333333333334,12,65.95513534849599,5.5481,7,0,6,5,2,127.45,2.757578124770353,194.04265266,0.8333333333333334,13,72.80436653681407,-0.8247,7,0,6,5,2,127.45,-0.0,18.010564684,0.0,1,6.84923118831809,-6.3728,0,0,0,0,0,0.0,0.0026533896373265,9.24225993428567,0.0007251833157123,0.5127892233905139,3.530826771690348,-0.4189549338140773,0.5045067944725371,0.0,0.0058330084351771,0.0038413594259006,0.0014819085409029,15.805637781934555,-0.17748917748917747
116,767,,0.0,14.0,1.5673022881913816,67.92786099296802,0.3861011189754234,5.382068994974579,25.584479916171315,3.0717001590324537,3.32665998663324,0.0,3.125166662222459,2.48327740429189,1.505545305418162,58.170450717410354,3.6257596603687854,176.032087976,0.8333333333333334,12,65.95513534849599,9.250800000000002,7,0,6,5,4,127.45,3.6257596603687854,194.04265266,0.8333333333333334,13,72.80436653681407,2.878000000000001,7,0,6,5,4,127.45,-0.0,18.010564684,0.0,1,6.84923118831809,-6.3728,0,0,0,0,0,0.0,0.0029736709658103,9.254081932082462,0.0007692872287129,0.5136716049849834,3.536288954660745,-0.4186262079369516,0.5045059970904591,0.0,0.0059204408452922,0.0038406797784971,0.0018355040994442,15.8043513961678,-0.5476190476190477
116,768,,0.0,14.0,1.5673022881913816,67.92786099296802,0.3861011189754234,5.382068994974579,25.584479916171315,3.0717001590324537,3.32665998663324,0.0,3.125166662222459,2.48327740429189,1.505545305418162,58.170450717410354,3.6257596603687854,176.032087976,0.8333333333333334,12,65.95513534849599,9.250800000000002,7,0,6,5,4,127.45,3.6257596603687854,194.04265266,0.8333333333333334,13,72.80436653681407,2.878000000000001,7,0,6,5,4,127.45,-0.0,18.010564684,0.0,1,6.84923118831809,-6.3728,0,0,0,0,0,0.0,0.003293838980312,9.26589974731372,0.0008133755379627,0.5145536743971207,3.5417492051372754,-0.4182975983614483,0.5045051999904909,0.0,0.0060078423222444,0.0038400003715495,0.0021889745575902,15.803065465518095,-0.48051948051948057
116,769,,0.0,14.0,1.4457784611255016,68.50358019004851,0.4009248567259714,5.477225575051661,25.8868103814956,2.8282306381670264,3.188521078284832,0.408248290463863,3.011090610836324,2.3380903889000244,1.1690451944500122,56.1904424850585,2.95955954722478,176.032087976,0.8333333333333334,12,65.95513534849599,8.5021,7,1,6,5,3,127.45,2.95955954722478,194.04265266,0.8333333333333334,13,72.80436653681407,2.1293,7,1,6,5,3,127.45,-0.0,18.010564684,0.0,1,6.84923118831809,-6.3728,0,0,0,0,0,0.0,0.0028149279674505,9.250221288664832,0.0007360399954687,0.5133893039763786,3.534383574946476,-0.4187926869906693,0.5045609815386386,5.467992850054216e-05,0.0059417303952098,0.0038956192638836,0.0016457862650985,15.805520150340538,-0.17748917748917747
116,770,,0.0,14.0,1.4457784611255016,68.50358019004851,0.4009248567259714,5.477225575051661,25.8868103814956,2.8282306381670264,3.188521078284832,0.408248290463863,3.011090610836324,2.3380903889000244,1.1690451944500122,56.1904424850585,2.95955954722478,176.032087976,0.8333333333333334,12,65.95513534849599,8.5021,7,1,6,5,3,127.45,2.95955954722478,194.04265266,0.8333333333333334,13,72.80436653681407,2.1293,7,1,6,5,3,127.45,-0.0,18.010564684,0.0,1,6.84923118831809,-6.3728,0,0,0,0,0,0.0,0.0029764309698207,9.258180901929247,0.0007468943009149,0.5139892533271412,3.537939600344678,-0.4186304756499597,0.5046151567542565,0.0001093478987305,0.0060504285782068,0.0039498672354681,0.0018096281499244,15.805402544472058,-0.2532467532467532
116,771,,0.0,14.0,1.4784317206820172,62.63651916840082,0.3671713698190734,5.0568200058365305,23.922792581055003,3.252403820619597,3.101458950082625,0.3779644730092272,2.886751345948129,2.309401076758503,1.511857892036909,55.055998678401885,3.6257596603687854,176.032087976,0.8333333333333334,12,65.95513534849599,9.250800000000002,7,1,6,5,4,127.45,3.6257596603687854,194.04265266,0.8333333333333334,13,72.80436653681407,2.878000000000001,7,1,6,5,4,127.45,-0.0,18.010564684,0.0,1,6.84923118831809,-6.3728,0,0,0,0,0,0.0,0.0031351456985404,9.262040585398896,0.0007801371654748,0.5142714829308201,3.539844531446608,-0.418464025759608,0.5045601746575383,5.467025510009162e-05,0.0060291340114698,0.0038949300917107,0.0019993141697898,15.80423392603801,-0.4155844155844156
116,772,,0.0,14.0,1.5007205338319125,75.68723921551779,0.4314059701848262,5.89915248150105,28.031311532655412,1.991305831106814,3.420526275297414,0.0,3.286335345030997,2.5099800796022267,0.8366600265340756,58.77060549288225,2.757578124770353,176.032087976,0.8333333333333334,12,65.95513534849599,5.5481,7,0,6,5,2,127.45,2.757578124770353,194.04265266,0.8333333333333334,13,72.80436653681407,-0.8247,7,0,6,5,2,127.45,-0.0,18.010564684,0.0,1,6.84923118831809,-6.3728,0,0,0,0,0,0.0,0.0039249398817452,9.323367847946134,0.0011095135131577,0.5183214099889345,3.561199926180496,-0.4200134643901396,0.5072746321160723,0.0,0.00859962065616,0.0061478116110926,0.0019425395772137,15.849915303364623,-0.12121212121212119
116,773,,0.0,14.0,1.5673022881913816,67.92786099296802,0.3861011189754234,5.382068994974579,25.584479916171315,3.0717001590324537,3.32665998663324,0.0,3.125166662222459,2.48327740429189,1.505545305418162,58.170450717410354,3.6257596603687854,176.032087976,0.8333333333333334,12,65.95513534849599,9.250800000000002,7,0,6,5,4,127.45,3.6257596603687854,194.04265266,0.8333333333333334,13,72.80436653681407,2.878000000000001,7,0,6,5,4,127.45,-0.0,18.010564684,0.0,1,6.84923118831809,-6.3728,0,0,0,0,0,0.0,0.0042447005562725,9.335164587065698,0.0011535087450283,0.5192019985070668,3.5666516940590003,-0.41968485509064,0.5072733462126565,0.0,0.0086864832515759,0.0061467248905789,0.0022957270473457,15.848622279274274,-0.33333333333333337
116,774,,0.0,14.0,1.5673022881913816,67.92786099296802,0.3861011189754234,5.382068994974579,25.584479916171315,3.0717001590324537,3.32665998663324,0.0,3.125166662222459,2.48327740429189,1.505545305418162,58.170450717410354,3.6257596603687854,176.032087976,0.8333333333333334,12,65.95513534849599,9.250800000000002,7,0,6,5,4,127.45,3.6257596603687854,194.04265266,0.8333333333333334,13,72.80436653681407,2.878000000000001,7,0,6,5,4,127.45,-0.0,18.010564684,0.0,1,6.84923118831809,-6.3728,0,0,0,0,0,0.0,0.0045643482055176,9.346957156411198,0.0011974884259764,0.5200822757650173,3.572101534910038,-0.4193563619441317,0.507272060763767,0.0,0.0087733151438123,0.0061456385541865,0.0026487896768809,15.847329712227037,-0.32467532467532473
116,775,,0.0,14.0,1.4457784611255016,68.50358019004851,0.4009248567259714,5.477225575051661,25.8868103814956,2.8282306381670264,3.188521078284832,0.408248290463863,3.011090610836324,2.3380903889000244,1.1690451944500122,56.1904424850585,2.95955954722478,176.032087976,0.8333333333333334,12,65.95513534849599,8.5021,7,1,6,5,3,127.45,2.95955954722478,194.04265266,0.8333333333333334,13,72.80436653681407,2.1293,7,1,6,5,3,127.45,-0.0,18.010564684,0.0,1,6.84923118831809,-6.3728,0,0,0,0,0,0.0,0.0040861900385782,9.331312985077588,0.0011203181709674,0.5189203317203575,3.5647501247722087,-0.4198512518127197,0.5073284667080871,5.462940973175431e-05,0.0087079398912228,0.0062017693181854,0.0021062155668279,15.849792942740676,-0.35497835497835506
116,776,,0.0,14.0,1.4457784611255016,68.50358019004851,0.4009248567259714,5.477225575051661,25.8868103814956,2.8282306381670264,3.188521078284832,0.408248290463863,3.011090610836324,2.3380903889000244,1.1690451944500122,56.1904424850585,2.95955954722478,176.032087976,0.8333333333333334,12,65.95513534849599,8.5021,7,1,6,5,3,127.45,2.95955954722478,194.04265266,0.8333333333333334,13,72.80436653681407,2.1293,7,1,6,5,3,127.45,-0.0,18.010564684,0.0,1,6.84923118831809,-6.3728,0,0,0,0,0,0.0,0.004247404963257,9.339256386246104,0.0011311204680267,0.5195191225911155,3.5682995476676584,-0.4196890746777369,0.507382289537579,0.000109246883278,0.0088162354592079,0.0062557152358556,0.0022698557942588,15.849670608851769,-0.30952380952380965
116,777,,0.0,14.0,1.4784317206820172,62.63651916840082,0.3671713698190734,5.0568200058365305,23.922792581055003,3.252403820619597,3.101458950082625,0.3779644730092272,2.886751345948129,2.309401076758503,1.511857892036909,55.055998678401885,3.6257596603687854,176.032087976,0.8333333333333334,12,65.95513534849599,9.250800000000002,7,1,6,5,4,127.45,3.6257596603687854,194.04265266,0.8333333333333334,13,72.80436653681407,2.878000000000001,7,1,6,5,4,127.45,-0.0,18.010564684,0.0,1,6.84923118831809,-6.3728,0,0,0,0,0,0.0,0.0044058872822682,9.343107031255071,0.0011643066871393,0.5198007181863454,3.5702006696184707,-0.4195227070807809,0.5073271714300879,5.461975419597177e-05,0.0087947738528077,0.0062006731795696,0.0024593355258396,15.848500081526408,-0.43290043290043295
116,778,,0.0,14.0,1.5767020016018896,79.67619418456165,0.4383259399460972,6.13052471924984,30.56993370577593,2.297989853473393,3.5118845842842465,0.0,3.4641016151377544,2.449489742783178,0.957427107756338,59.91847537835611,2.757578124770353,176.032087976,0.8333333333333334,12,65.95513534849599,5.5481,7,0,6,5,2,127.45,2.757578124770353,194.04265266,0.8333333333333334,13,72.80436653681407,-0.8247,7,0,6,5,2,127.45,-0.0,18.010564684,0.0,1,6.84923118831809,-6.3728,0,0,0,0,0,0.0,0.0022077912119182,9.213836709349106,0.0005904997422002,0.5108505397654337,3.520182890432096,-0.4185839853910714,0.5035368413769684,0.0,0.0048634847731774,0.0030330929287549,0.001320486319976,15.790121294153735,-0.6168831168831168
116,779,,0.0,14.0,1.698940592064864,70.09875792590923,0.383695481107378,5.5677643628300215,27.495584597848783,3.3988094661219246,3.24037034920393,0.0,3.130495168499705,2.3021728866442674,1.6733200530681511,56.273127956423394,3.6257596603687854,176.032087976,0.8333333333333334,12,65.95513534849599,9.250800000000002,7,0,6,5,4,127.45,3.6257596603687854,194.04265266,0.8333333333333334,13,72.80436653681407,2.878000000000001,7,0,6,5,4,127.45,-0.0,18.010564684,0.0,1,6.84923118831809,-6.3728,0,0,0,0,0,0.0,0.0025282550952188,9.225667564997512,0.0006346417708306,0.5117335501483086,3.525648725586536,-0.4182552187427206,0.50353621540501,0.0,0.0049511170815239,0.0030325561132977,0.0016742249234565,15.788837238127192,-0.20346320346320346
116,780,,0.0,14.0,1.698940592064864,70.09875792590923,0.383695481107378,5.5677643628300215,27.495584597848783,3.3988094661219246,3.24037034920393,0.0,3.130495168499705,2.3021728866442674,1.6733200530681511,56.273127956423394,3.6257596603687854,176.032087976,0.8333333333333334,12,65.95513534849599,9.250800000000002,7,0,6,5,4,127.45,3.6257596603687854,194.04265266,0.8333333333333334,13,72.80436653681407,2.878000000000001,7,0,6,5,4,127.45,-0.0,18.010564684,0.0,1,6.84923118831809,-6.3728,0,0,0,0,0,0.0,0.0028486055632509,9.237494233591654,0.0006787681771701,0.5126162480252665,3.531112626329037,-0.4179265684480672,0.5035355896545891,0.0,0.0050387183759486,0.0030320194878248,0.0020278383354231,15.787553636540494,-0.5822510822510824
116,781,,0.0,14.0,1.5403910586858458,71.23660061079788,0.3875851160999635,5.718391382198319,27.9307063434596,3.133520351457766,3.1144823004794877,0.447213595499958,3.03315017762062,2.16794833886788,1.3038404810405295,54.36999981607504,2.95955954722478,176.032087976,0.8333333333333334,12,65.95513534849599,8.5021,7,1,6,5,3,127.45,2.95955954722478,194.04265266,0.8333333333333334,13,72.80436653681407,2.1293,7,1,6,5,3,127.45,-0.0,18.010564684,0.0,1,6.84923118831809,-6.3728,0,0,0,0,0,0.0,0.0023694305894574,9.221803750731953,0.000601374670755,0.5114510267214265,3.523742009660048,-0.4184217266172185,0.5035911520954218,5.469763215075369e-05,0.0049723479952768,0.003087458754903,0.0014844347614783,15.79000532190457,-0.36796536796536794
116,782,,0.0,14.0,1.5403910586858458,71.23660061079788,0.3875851160999635,5.718391382198319,27.9307063434596,3.133520351457766,3.1144823004794877,0.447213595499958,3.03315017762062,2.16794833886788,1.3038404810405295,54.36999981607504,2.95955954722478,176.032087976,0.8333333333333334,12,65.95513534849599,8.5021,7,1,6,5,3,127.45,2.95955954722478,194.04265266,0.8333333333333334,13,72.80436653681407,2.1293,7,1,6,5,3,127.45,-0.0,18.010564684,0.0,1,6.84923118831809,-6.3728,0,0,0,0,0,0.0,0.0025310346057001,9.229769049192273,0.0006122472202386,0.5120513823109318,3.527300350271601,-0.4182595033401655,0.5036454509325045,0.0001093832982866,0.0050811874017395,0.0031418126876244,0.001648347336538,15.78988937502626,-0.3398268398268398
116,783,,0.0,14.0,1.589507545849641,64.22184457582236,0.3527668414752787,5.240865068542279,25.507706171204426,3.4862041195259925,2.9268868558020253,0.408248290463863,2.8106938645110398,2.073644135332772,1.632993161855452,51.48658854497937,3.6257596603687854,176.032087976,0.8333333333333334,12,65.95513534849599,9.250800000000002,7,1,6,5,4,127.45,3.6257596603687854,194.04265266,0.8333333333333334,13,72.80436653681407,2.878000000000001,7,1,6,5,4,127.45,-0.0,18.010564684,0.0,1,6.84923118831809,-6.3728,0,0,0,0,0,0.0,0.0026898308169277,9.233631902468018,0.0006455099468098,0.5123338342579881,3.52920661713789,-0.4180930246424331,0.5035905165807358,5.4687952485954685e-05,0.0050599514535844,0.0030869123772144,0.0018381056610482,15.788721426846054,-0.8030303030303031
116,784,,0.0,14.0,1.5767020016018896,79.67619418456165,0.4383259399460972,6.13052471924984,30.56993370577593,2.297989853473393,3.5118845842842465,0.0,3.4641016151377544,2.449489742783178,0.957427107756338,59.91847537835611,2.757578124770353,176.032087976,0.8333333333333334,12,65.95513534849599,5.5481,7,0,6,5,2,127.45,2.757578124770353,194.04265266,0.8333333333333334,13,72.80436653681407,-0.8247,7,0,6,5,2,127.45,-0.0,18.010564684,0.0,1,6.84923118831809,-6.3728,0,0,0,0,0,0.0,0.0030351016021224,9.26660805676036,0.0008405569986959,0.5144499535310407,3.5399446154628387,-0.4192726985172487,0.5053376831847899,0.0,0.0066635292827291,0.0045337429154101,0.0016201872905535,15.818929635540457,-1.0952380952380953
116,785,,0.0,14.0,1.698940592064864,70.09875792590923,0.383695481107378,5.5677643628300215,27.495584597848783,3.3988094661219246,3.24037034920393,0.0,3.130495168499705,2.3021728866442674,1.6733200530681511,56.273127956423394,3.6257596603687854,176.032087976,0.8333333333333334,12,65.95513534849599,9.250800000000002,7,0,6,5,4,127.45,3.6257596603687854,194.04265266,0.8333333333333334,13,72.80436653681407,2.878000000000001,7,0,6,5,4,127.45,-0.0,18.010564684,0.0,1,6.84923118831809,-6.3728,0,0,0,0,0,0.0,0.0033552265896738,9.278422469264912,0.0008846282730596,0.5153317966645193,3.545403670840636,-0.4189440075996881,0.5053367390564146,0.0,0.006750790542799,0.0045329409878351,0.0019736603275293,15.81764125546725,-0.05844155844155843
116,786,,0.0,14.0,1.698940592064864,70.09875792590923,0.383695481107378,5.5677643628300215,27.495584597848783,3.3988094661219246,3.24037034920393,0.0,3.130495168499705,2.3021728866442674,1.6733200530681511,56.273127956423394,3.6257596603687854,176.032087976,0.8333333333333334,12,65.95513534849599,9.250800000000002,7,0,6,5,4,127.45,3.6257596603687854,194.04265266,0.8333333333333334,13,72.80436653681407,2.878000000000001,7,0,6,5,4,127.45,-0.0,18.010564684,0.0,1,6.84923118831809,-6.3728,0,0,0,0,0,0.0,0.0036752383499604,9.290232703046572,0.0009286839595435,0.5162133278926802,3.550860795366632,-0.4186154329391365,0.5053357952619748,0.0,0.0068380209388184,0.0045321393438995,0.0023270083421335,15.81635333109028,-0.41991341991341985
116,787,,0.0,14.0,1.5403910586858458,71.23660061079788,0.3875851160999635,5.718391382198319,27.9307063434596,3.133520351457766,3.1144823004794877,0.447213595499958,3.03315017762062,2.16794833886788,1.3038404810405295,54.36999981607504,2.95955954722478,176.032087976,0.8333333333333334,12,65.95513534849599,8.5021,7,1,6,5,3,127.45,2.95955954722478,194.04265266,0.8333333333333334,13,72.80436653681407,2.1293,7,1,6,5,3,127.45,-0.0,18.010564684,0.0,1,6.84923118831809,-6.3728,0,0,0,0,0,0.0,0.0031965533973193,9.274564541094955,0.0008513980536099,0.5150496861181503,3.54349943539262,-0.4191104619518153,0.5053917643814787,5.4664763061965045e-05,0.0067721302883542,0.0045879120065076,0.0017840044454307,15.818810583379422,-0.16017316017316027
116,788,,0.0,14.0,1.5403910586858458,71.23660061079788,0.3875851160999635,5.718391382198319,27.9307063434596,3.133520351457766,3.1144823004794877,0.447213595499958,3.03315017762062,2.16794833886788,1.3038404810405295,54.36999981607504,2.95955954722478,176.032087976,0.8333333333333334,12,65.95513534849599,8.5021,7,1,6,5,3,127.45,2.95955954722478,194.04265266,0.8333333333333334,13,72.80436653681407,2.1293,7,1,6,5,3,127.45,-0.0,18.010564684,0.0,1,6.84923118831809,-6.3728,0,0,0,0,0,0.0,0.0033579698934789,9.282519285862415,0.0008622367382883,0.5156492875826363,3.547053478113816,-0.4189482608569975,0.505445833754117,0.0001093175744853,0.0068807075499823,0.0046420692543377,0.0019477857841198,15.818691557247371,-0.6060606060606061
116,789,,0.0,14.0,1.589507545849641,64.22184457582236,0.3527668414752787,5.240865068542279,25.507706171204426,3.4862041195259925,2.9268868558020253,0.408248290463863,2.8106938645110398,2.073644135332772,1.632993161855452,51.48658854497937,3.6257596603687854,176.032087976,0.8333333333333334,12,65.95513534849599,9.250800000000002,7,1,6,5,4,127.45,3.6257596603687854,194.04265266,0.8333333333333334,13,72.80436653681407,2.878000000000001,7,1,6,5,4,127.45,-0.0,18.010564684,0.0,1,6.84923118831809,-6.3728,0,0,0,0,0,0.0,0.0035166148375066,9.286376254976252,0.0008954625931802,0.5159313267881994,3.548957265332903,-0.418781835656757,0.5053908107914802,5.4655095026117256e-05,0.006859362802654,0.0045871005862203,0.0021374098714222,15.817522365194906,-0.6558441558441559
105,795,35.0,20.0,6.0,1.5567054307507135,81.1268413107461,0.5773502691896258,5.507570547286102,30.91615530908751,1.215746364721413,2.516611478423583,0.0,3.0,2.516611478423584,1.0,39.8815049030667,2.7541847860376616,162.05282342,1.0,11,61.79361324845219,2.3966999999999987,5,0,6,5,2,78.88,2.7541847860376616,180.063388104,1.0,12,68.64284443677028,-0.8247,6,0,6,5,2,110.38,0.0,18.010564684,0.0,1,6.84923118831809,-3.2213999999999987,1,0,0,0,0,31.5,0.0008865015312022,3.040770825797765,0.0003291098786482,0.1693104756253155,1.1565392315251486,-0.1379860040354765,0.1678240162066669,0.0,0.0014864594186485,0.0013200828244139,0.0004918431630618,5.26787397032526,0.2596377786518011
105,796,35.0,20.0,6.0,0.8455750412799405,158.07047437972915,0.3367178436762744,11.341173758576412,66.79319467463944,2.5933833762095424,3.431876713662333,0.0,2.836272984824353,1.8529256146249728,8.638415492567038,50.89794766654808,2.7621442852888047,586.4080834359999,1.0,41,246.733285933766,7.684000000000005,10,0,10,5,30,133.14,2.7621442852888047,604.4186481199998,1.0,42,253.58251712208408,4.462600000000006,10,0,10,5,30,133.14,0.0,18.010564684,0.0,1,6.84923118831809,-3.2213999999999987,0,0,0,0,0,0.0,0.0013576191504031,3.066771097618016,0.0003943457147758,0.1707204666432774,1.1669122977278823,-0.1373245742251879,0.1676958095604537,0.0,0.0019334672095974,0.0013335388172902,0.0015065630946246,5.262954694963724,0.4882863348330983
105,797,35.0,20.0,6.0,0.8455750412799405,158.07047437972915,0.3367178436762744,11.341173758576412,66.79319467463944,2.5933833762095424,3.431876713662333,0.0,2.836272984824353,1.8529256146249728,8.638415492567038,50.89794766654808,2.7621442852888047,586.4080834359999,1.0,41,246.733285933766,7.684000000000005,10,0,10,5,30,133.14,2.7621442852888047,604.4186481199998,1.0,42,253.58251712208408,4.462600000000006,10,0,10,5,30,133.14,0.0,18.010564684,0.0,1,6.84923118831809,-3.2213999999999987,0,0,0,0,0,0.0,0.0018277400313509,3.0927163609553383,0.000459443532178,0.1721274745590865,1.1772634177510126,-0.1366645437945164,0.1675678741596012,0.0,0.002379529271186,0.0013469663414735,0.0025191361946307,5.25804582725779,0.5790714126266714
105,798,35.0,20.0,6.0,0.8455750412799405,158.07047437972915,0.3367178436762744,11.341173758576412,66.79319467463944,2.5933833762095424,3.431876713662333,0.0,2.836272984824353,1.8529256146249728,8.638415492567038,50.89794766654808,2.7621442852888047,586.4080834359999,1.0,41,246.733285933766,7.684000000000005,10,0,10,5,30,133.14,2.7621442852888047,604.4186481199998,1.0,42,253.58251712208408,4.462600000000006,10,0,10,5,30,133.14,0.0,18.010564684,0.0,1,6.84923118831809,-3.2213999999999987,0,0,0,0,0,0.0,0.002296867333885,3.118606790196505,0.0005244037683989,0.1735315088297126,1.1875926611678698,-0.1360059083071773,0.1674402091442129,0.0,0.0028246486015462,0.0013603654872148,0.0035295692689214,5.253147334213326,0.5353393854429184
81,802,70.0,25.0,8.0,1.0774981715067034,64.1161597943742,0.408248290463863,4.366539438350084,24.5143631926937,0.9341772710073104,1.96638416050035,0.0,2.316606713852541,1.8708286933869709,0.816496580927726,30.81492976897184,2.7541847860376616,162.05282342,1.0,11,61.79361324845219,2.3966999999999987,5,0,6,5,2,78.88,2.7541847860376616,180.063388104,1.0,12,68.64284443677028,-0.8247,6,0,6,5,2,110.38,0.0,18.010564684,0.0,1,6.84923118831809,-3.2213999999999987,1,0,0,0,0,31.5,0.0019237182662839,4.596763396813412,0.0007315701754324,0.2563950849737732,1.7484553627708177,-0.2074481624644973,0.2528153393814353,0.0,0.0035469095568677,0.0030104331224726,0.0006694336438548,7.917808279030966,0.0799762613572159
81,803,70.0,25.0,8.0,0.9209814555423428,163.0335789279693,0.473345528745475,11.467829398413246,68.84747072315227,2.345781812436008,2.6331223544175333,0.4830458915396479,2.7888667551135846,1.636391694484477,9.213516640723505,37.00887654784097,3.306535412749064,586.4080834359999,1.0,41,246.733285933766,7.684000000000005,9,1,10,6,30,133.25,3.306535412749064,604.4186481199998,1.0,42,253.58251712208408,4.462600000000006,10,1,10,6,30,164.75,0.0,18.010564684,0.0,1,6.84923118831809,-3.2213999999999987,1,0,0,0,0,31.5,0.00199878734009,4.614758545227606,0.0007584769691342,0.2576550999861554,1.756017946139652,-0.2072851554517802,0.253095922244251,3.899097483101919e-06,0.0038571010490561,0.0031123042441599,0.001565117400259,7.921037634970311,0.17607712952966398
99,804,,4.0,14.0,1.3109419116632903,69.76175392764955,0.5,4.898979485566356,27.187448683943224,1.5001795269233609,2.073644135332772,0.447213595499958,2.3874672772626644,2.0736441353327724,0.8366600265340756,37.23325328251616,3.306535412749064,161.068807832,1.0,11,62.3392701932689,3.7565999999999984,5,1,6,5,2,84.67000000000002,3.306535412749064,179.079372516,1.0,12,69.18850138158699,0.5016000000000003,6,1,6,5,2,116.17000000000002,0.0,18.010564684,0.0,1,6.84923118831809,-3.254999999999998,1,0,0,0,0,31.5,0.0046667703777456,9.159535488642662,0.0011675262674623,0.5106992447300222,3.485325293132347,-0.41295163379122,0.5043770297381209,0.0001346094160302,0.0051707252673557,0.0046695454209973,0.0012208206281416,15.81426004700962,0.0
98,810,85.0,4.0,15.0,1.184467024281654,238.7096104109191,0.4332381706405843,16.703293088490067,100.81573255065466,2.902391417951757,3.646916505762094,0.0,4.06201920231798,1.949358868961793,13.107249902248755,46.34289751407436,2.8030394876740514,586.4080834359999,1.0,41,246.733285933766,7.717600000000004,9,0,10,5,30,101.64,2.8030394876740514,604.4186481199998,1.0,42,253.58251712208408,4.462600000000006,10,0,10,5,30,133.14,0.0,18.010564684,0.0,1,6.84923118831809,-3.254999999999998,1,0,0,0,0,31.5,0.0013330012764404,2.6185039169726894,0.0003812146937595,0.1459937759785421,0.9963856540216524,-0.1181074103924764,0.1441533325072276,0.0,0.0015708412499027,0.0013812017225594,0.0004487526265914,4.518973064284995,0.14819769771182173
96,812,,25.0,7.0,0.837725199833108,41.46717487520809,0.2708917833226256,3.109831608235235,17.811850417795476,0.8035727768272731,1.095445115010332,0.5501196042201808,0.7591546545162482,0.8271701918685109,1.3138933706635725,21.353322951068563,3.716136771182721,186.07931294,1.0,14,79.86346977637074,2.7904,5,2,3,4,5,96.21999999999998,3.716136771182721,204.089877624,1.0,15,86.71270096468882,1.1223,6,2,3,4,5,127.71999999999998,0.0,18.010564684,0.0,1,6.84923118831809,-1.6681,1,0,0,0,0,31.5,0.0032233098857047,2.672357497794404,0.0008815511254567,0.1497391567773674,1.0182379456047717,-0.1181433689335332,0.1455109586474974,5.481146011508821e-05,0.0029964377058924,0.0030247312308486,0.0025886403555699,4.542210176928879,0.21341529620342867
96,813,,25.0,7.0,0.8178791885276054,42.879566033561225,0.2691563516846897,3.1697979505985945,17.938096370747356,0.9770968122331531,1.300183137283433,0.5389584311207966,1.0712698295103096,0.9734572654303052,1.327367606168224,23.814810967727023,3.716136771182721,186.07931294,1.0,14,79.86346977637074,4.251399999999999,6,2,6,5,5,96.21999999999998,3.716136771182721,204.089877624,1.0,15,86.71270096468882,1.1223,7,2,6,5,5,127.71999999999998,0.0,18.010564684,0.0,1,6.84923118831809,-3.1290999999999984,1,0,0,0,0,31.5,0.0036906647652205,2.7023186521833784,0.0010228952955385,0.1517814652273841,1.0294606727718802,-0.1185367474017668,0.1465330544700772,5.47458974668833e-05,0.0040181237017669,0.0038755050200522,0.0027564223205902,4.558555466256608,0.26986550626919276
96,814,,25.0,7.0,0.8763266913303557,194.00278553979996,0.279360336740488,14.00100491136756,75.9821916711682,0.9695271581607476,5.528360567362676,1.143398140351517,5.720775535473554,2.6057711507427683,1.300183137283433,88.31166493525285,3.716136771182721,1002.0610601920004,1.0,72,393.05470280997633,4.251399999999999,28,5,29,14,5,445.0500000000001,3.716136771182721,1020.0716248760004,1.0,73,399.9039339982944,1.1223,29,5,29,14,5,476.5500000000001,0.0,18.010564684,0.0,1,6.84923118831809,-3.1290999999999984,1,0,0,0,0,31.5,0.003693767949836,2.7048219017518624,0.0010232751769398,0.1519613349971634,1.0304425586778128,-0.1185340658718884,0.1466030002309914,6.724674260544217e-05,0.0040905638337716,0.0039104422382539,0.0027613747975725,4.559667226902517,0.5518766442776636
96,815,,25.0,7.0,0.8763266913303557,194.00278553979996,0.279360336740488,14.00100491136756,75.9821916711682,0.9695271581607476,5.528360567362676,1.143398140351517,5.720775535473554,2.6057711507427683,1.300183137283433,88.31166493525285,3.716136771182721,1002.0610601920004,1.0,72,393.05470280997633,4.251399999999999,28,5,29,14,5,445.0500000000001,3.716136771182721,1020.0716248760004,1.0,73,399.9039339982944,1.1223,29,5,29,14,5,476.5500000000001,0.0,18.010564684,0.0,1,6.84923118831809,-3.1290999999999984,1,0,0,0,0,31.5,0.004323876202453,3.167306361127296,0.0011955936645059,0.1781275429700514,1.206764718385286,-0.1382772308061433,0.17136321859045,0.0001367867054621,0.0051103488401719,0.0047252086958144,0.0032447134673407,5.324799527064542,0.7437129637224084
96,816,,25.0,7.0,0.8763266913303557,194.00278553979996,0.279360336740488,14.00100491136756,75.9821916711682,0.9695271581607476,5.528360567362676,1.143398140351517,5.720775535473554,2.6057711507427683,1.300183137283433,88.31166493525285,3.716136771182721,1002.0610601920004,1.0,72,393.05470280997633,4.251399999999999,28,5,29,14,5,445.0500000000001,3.716136771182721,1020.0716248760004,1.0,73,399.9039339982944,1.1223,29,5,29,14,5,476.5500000000001,0.0,18.010564684,0.0,1,6.84923118831809,-3.1290999999999984,1,0,0,0,0,31.5,0.0037216917239241,2.7273472053024057,0.0010266935112459,0.1535798796340448,1.039277985381402,-0.1185099363263365,0.1472324019161061,0.0001797346602823,0.0047424109301181,0.0042248221766804,0.0028059392903658,4.569671321715891,0.5923164707009884
182,834,36.0,4.0,12.0,1.5911098047485102,88.38531521208579,0.5357583756107197,6.027713773341707,33.05732513280332,1.165911940642745,3.055050463303893,0.0,3.0,2.516611478423584,1.0,49.18562832101806,2.757578124770353,176.032087976,1.0,12,65.95513534849599,2.3043999999999984,6,0,6,5,2,95.95,2.757578124770353,194.04265266,1.0,13,72.80436653681407,-0.8247,7,0,6,5,2,127.45,0.0,18.010564684,0.0,1,6.84923118831809,-3.1290999999999984,1,0,0,0,0,31.5,0.0039155010565441,6.151016792730292,0.0013520591487414,0.3433406391614486,2.339611219315092,-0.2767041951691359,0.3378336699753823,0.0,0.0055069691860662,0.0050924572603971,0.0024277770137035,10.569156023227812,0.21202130207915393
184,846,,2.0,12.0,1.36710899912435,68.29141647512313,0.478713553878169,4.645786621588784,26.31620636227485,1.4219524262435776,2.160246899469287,0.0,2.6457513110645907,2.217355782608345,0.957427107756338,38.62242914853148,2.8030394876740514,161.068807832,1.0,11,62.3392701932689,3.345899999999998,5,0,6,5,2,84.67000000000002,2.8030394876740514,179.079372516,1.0,12,69.18850138158699,0.0908999999999999,6,0,6,5,2,116.17000000000002,0.0,18.010564684,0.0,1,6.84923118831809,-3.254999999999998,1,0,0,0,0,31.5,0.0045839317048096,4.63496536337669,0.001279950363527,0.2591099696583724,1.7644347681638894,-0.2068324530326409,0.253721264791736,0.0,0.0046137254438897,0.0042266040889958,0.0013977999494136,7.927023299857815,0.5185432562980554
184,847,,2.0,12.0,0.6645607421772924,112.9675529510022,0.2414101915691724,7.869996321807473,47.42626996487751,2.183805449334524,2.531381981614412,0.3077935056255462,2.53968501984006,1.3717065820970682,6.573471405261415,38.97281798692654,3.4629046970868087,586.4080834359999,1.0,41,246.733285933766,8.370300000000004,10,1,10,5,30,133.14,3.4629046970868087,604.4186481199998,1.0,42,253.58251712208408,5.115300000000005,10,1,10,5,30,133.14,0.0,18.010564684,0.0,1,6.84923118831809,-3.254999999999998,0,0,0,0,0,0.0,0.0052216591972933,4.679285904552554,0.0014155693086838,0.2623493087744801,1.7842099351926517,-0.2059401799046571,0.2539612400989233,0.0001018140804894,0.0050806341575745,0.0044560105374013,0.0025931541758712,7.926898637219765,0.36544565574349863
184,848,,2.0,12.0,0.6520579293960435,133.06364085535716,0.2432664780888215,9.095786570348569,53.13171388310845,3.079412991253829,4.055566427469664,0.3007926037591191,4.077814540727843,2.605854215123361,6.670118154161604,67.29291987805468,3.4629046970868087,586.4080834359999,1.0,41,246.733285933766,12.845699999999994,16,1,16,11,30,276.52,3.4629046970868087,604.4186481199998,1.0,42,253.58251712208408,5.115300000000005,16,1,16,11,30,276.52,0.0,18.010564684,0.0,1,6.84923118831809,-7.730399999999989,0,0,0,0,0,0.0,0.0045034013242199,4.677749678782503,0.001262553120814,0.2622090353553639,1.7833018020307017,-0.206206017152912,0.2539689783078697,0.0001019169078273,0.0050382251803327,0.0042797138657721,0.0030058318541827,7.928839877860887,0.1667108595789577
184,849,,2.0,12.0,0.6520579293960435,133.06364085535716,0.2432664780888215,9.095786570348569,53.13171388310845,3.079412991253829,4.055566427469664,0.3007926037591191,4.077814540727843,2.605854215123361,6.670118154161604,67.29291987805468,3.4629046970868087,586.4080834359999,1.0,41,246.733285933766,12.845699999999994,16,1,16,11,30,276.52,3.4629046970868087,604.4186481199998,1.0,42,253.58251712208408,5.115300000000005,16,1,16,11,30,276.52,0.0,18.010564684,0.0,1,6.84923118831809,-7.730399999999989,0,0,0,0,0,0.0,0.0037846159510124,4.675760821951423,0.001105592476868,0.2620390288715076,1.7822232534088829,-0.2064553827469948,0.2539619606076477,0.0001020199042114,0.0049735939857636,0.0040834248546475,0.003407113843273,7.930474604528032,0.5330760098101281
184,850,,2.0,12.0,0.6520579293960435,133.06364085535716,0.2432664780888215,9.095786570348569,53.13171388310845,3.079412991253829,4.055566427469664,0.3007926037591191,4.077814540727843,2.605854215123361,6.670118154161604,67.29291987805468,3.4629046970868087,586.4080834359999,1.0,41,246.733285933766,12.845699999999994,16,1,16,11,30,276.52,3.4629046970868087,604.4186481199998,1.0,42,253.58251712208408,5.115300000000005,16,1,16,11,30,276.52,0.0,18.010564684,0.0,1,6.84923118831809,-7.730399999999989,0,0,0,0,0,0.0,0.0030842893709437,4.67452649205366,0.0009556580604969,0.2619202034841052,1.7814377249888411,-0.206715426115126,0.2539770637262646,0.0001021200976735,0.0049383106747502,0.0039137447848188,0.0038213362036497,7.932464986328463,0.43395824962468543
201,857,50.0,5.0,7.0,1.1926630851802849,73.31618833577492,0.4472135954999579,4.979959839195493,27.858798998214343,1.1220975648311509,2.302172886644268,0.0,2.683281572999748,2.1908902300206643,0.7071067811865476,36.69162547503176,2.7541847860376616,162.05282342,1.0,11,61.79361324845219,2.3966999999999987,5,0,6,5,2,78.88,2.7541847860376616,180.063388104,1.0,12,68.64284443677028,-0.8247,6,0,6,5,2,110.38,0.0,18.010564684,0.0,1,6.84923118831809,-3.2213999999999987,1,0,0,0,0,31.5,0.0011242017570451,2.615507118022773,0.0004140658021155,0.1457395879562033,0.9949089362171628,-0.11837375213183,0.1440913325056153,0.0,0.001648255450588,0.0015129027691742,0.0006927789228172,4.518812255503204,0.20491873116305198
201,858,50.0,5.0,7.0,1.1926630851802849,73.31618833577492,0.4472135954999579,4.979959839195493,27.858798998214343,1.1220975648311509,2.302172886644268,0.0,2.683281572999748,2.1908902300206643,0.7071067811865476,36.69162547503176,2.7541847860376616,162.05282342,1.0,11,61.79361324845219,2.3966999999999987,5,0,6,5,2,78.88,2.7541847860376616,180.063388104,1.0,12,68.64284443677028,-0.8247,6,0,6,5,2,110.38,0.0,18.010564684,0.0,1,6.84923118831809,-3.2213999999999987,1,0,0,0,0,31.5,0.00119903086779,2.6201154516733727,0.0004424728446864,0.146052398922565,0.996666132642362,-0.1184419216278547,0.1442335344675107,0.0,0.0018188644550543,0.001655049148056,0.0007211303823746,4.521055764941144,0.6152843233397775
185,859,,4.0,15.0,1.2930083913084716,268.1789688150947,0.455989508971058,18.750555547325344,113.20264144616456,3.2219091157262665,4.112987559751022,0.0,4.645786621588784,2.217355782608345,14.84082207965583,52.6205773280124,2.8030394876740514,586.4080834359999,1.0,41,246.733285933766,7.717600000000004,9,0,10,5,30,101.64,2.8030394876740514,604.4186481199998,1.0,42,253.58251712208408,4.462600000000006,10,0,10,5,30,133.14,0.0,18.010564684,0.0,1,6.84923118831809,-3.254999999999998,1,0,0,0,0,31.5,0.0037097735324467,6.100398525868242,0.0008407612492385,0.3400816459446452,2.321538642389436,-0.2747957132336534,0.3360301038336595,0.0,0.003034496074655,0.0026938026977766,0.0003520699533181,10.53443937005646,0.1634561108591934
203,864,,4.0,14.0,0.9022759063266506,76.61452921400108,0.278334152340769,5.683540408842657,33.832241928221286,1.5613229897059138,1.0954451150103324,0.8207826816681233,0.7591546545162482,0.8255779474818966,1.424411235711461,21.7738804111232,3.716136771182721,398.145284324,1.0,29,173.7910025832228,7.128500000000003,5,3,3,4,6,96.21999999999998,3.716136771182721,416.155849008,1.0,30,180.6402337715409,5.402200000000004,6,3,3,4,6,127.71999999999998,0.0,18.010564684,0.0,1,6.84923118831809,-1.7262999999999993,1,0,0,0,0,31.5,0.0097002401580213,6.332145690443726,0.0022893802824355,0.3563493926638914,2.4162913908790915,-0.2749950846626233,0.3417154599278622,0.0004006254230328,0.0084425346547896,0.0085231438830065,0.0079995643781094,10.63649144347468,0.19027258702112604
204,870,,25.0,3.0,1.5567054307507135,81.1268413107461,0.5773502691896258,5.507570547286102,30.91615530908751,1.215746364721413,2.516611478423583,0.0,3.0,2.516611478423584,1.0,39.8815049030667,2.7541847860376616,162.05282342,1.0,11,61.79361324845219,2.3966999999999987,5,0,6,5,2,78.88,2.7541847860376616,180.063388104,1.0,12,68.64284443677028,-0.8247,6,0,6,5,2,110.38,0.0,18.010564684,0.0,1,6.84923118831809,-3.2213999999999987,1,0,0,0,0,31.5,0.0057219035091851,6.278232139151604,0.002135157700124,0.3519597435277133,2.38845368201535,-0.2787590754504374,0.3415789595804613,0.0,0.010380783947252,0.0090556803316254,0.0029452117846215,10.628169651927108,0.018586292264784306
204,874,,25.0,3.0,0.6915578356324035,52.41890238851352,0.2601166739619391,3.9804007013854448,22.69357047873858,1.0637494297176453,1.1140133037920334,0.6076436202501999,0.9971112120675254,0.9212588934267872,1.5104337974271689,20.34107570807253,3.716136771182721,350.1154236759999,1.0,26,149.68314126593717,6.591300000000001,5,2,6,5,8,93.72,3.716136771182721,368.1259883599999,1.0,27,156.53237245425527,3.3699000000000026,6,2,6,5,8,125.22,0.0,18.010564684,0.0,1,6.84923118831809,-3.2213999999999987,1,0,0,0,0,31.5,0.0072761677806752,6.3457800598227525,0.0024285389253574,0.3567808940717862,2.416316291734607,-0.278392379404852,0.3431127571313982,0.0001501455713711,0.0118074466865939,0.0103273836136174,0.0045825527471725,10.652577342422608,0.2504051988245466
199,876,,4.0,10.0,0.8482087961671142,56.14133293589048,0.3122993182790043,3.823901439919996,21.1635402054225,0.8347320693891341,1.8737959096740264,0.0,1.9692073983655909,1.5951314818673863,0.7378647873726218,30.31848517543932,2.757578124770353,176.032087976,1.0,12,65.95513534849597,2.3966999999999987,6,0,6,5,2,95.95000000000002,2.757578124770353,194.04265266,1.0,13,72.80436653681406,-0.8247,7,0,6,5,2,127.45000000000002,0.0,18.010564684,0.0,1,6.84923118831809,-3.2213999999999987,1,0,0,0,0,31.5,0.0009970230253183,4.548718795875312,0.0003665865460971,0.2531283065792466,1.7299745057617508,-0.2067939261081259,0.2513924482747791,0.0,0.0017306517713834,0.0015049198340077,0.0004724395357473,7.896383142995901,0.2651902867992641
198,877,,4.0,15.0,0.7310199094175758,41.49445706800056,0.2244888209159944,3.0983866769659336,19.403533385316063,1.2800949485799882,0.4472135954999579,0.3415650255319866,0.4031128874149274,0.4031128874149274,1.2365947867699696,10.610753802157507,3.4629046970868087,200.192886148,0.8181818181818182,15,93.97328318403362,5.940000000000005,1,1,1,1,4,31.5,3.4629046970868087,218.203450832,0.8181818181818182,16,100.8225143723517,5.115300000000005,1,1,1,1,4,31.5,0.0,18.010564684,0.0,1,6.84923118831809,-0.8247,0,0,0,0,0,0.0,0.0003517419543354,3.617863309931642,6.250808890406559e-05,0.2011966437582663,1.3772552622097802,-0.1644531557544599,0.1999341791404341,6.835376597141133e-05,5.815237454879112e-05,5.815237454879112e-05,0.0001234827924568,6.297271265662509,0.06544796704004671
198,878,,4.0,15.0,0.8316069005582953,135.09862575884287,0.2299761350936712,9.332107762671717,55.99625772303833,1.5438353898575057,2.6321292854195817,0.3233808333817772,2.645133649958692,0.7669649888473704,8.39389756548585,35.17141574196463,4.367407054130716,586.4080834359999,0.90625,41,246.733285933766,7.890800000000009,10,1,10,3,30,133.14,4.367407054130716,604.4186481199998,0.90625,42,253.58251712208408,7.066100000000009,10,1,10,3,30,133.14,0.0,18.010564684,0.0,1,6.84923118831809,-0.8247,0,0,0,0,0,0.0,0.0015237846397274,3.826369701121647,0.0004136627505299,0.215831612212979,1.465728412373264,-0.1619914553010123,0.2028381085508857,6.822029077916891e-05,0.0033523820225671,0.0007713557749281,0.0107701212903865,6.328685070684669,0.21221836030364108
198,879,,4.0,15.0,0.8086996119076403,131.30332256855706,0.2378388490675326,9.07570498929045,54.537333706475565,2.135508089313912,2.7930573912190337,0.3153017676423058,2.809757434745082,1.304513083861144,8.184281039917366,40.35108276988058,4.367407054130716,586.4080834359999,1.0,41,246.733285933766,10.287500000000009,10,1,10,5,30,133.14,4.367407054130716,604.4186481199998,1.0,42,253.58251712208408,7.066100000000009,10,1,10,5,30,133.14,0.0,18.010564684,0.0,1,6.84923118831809,-3.2213999999999987,0,0,0,0,0,0.0,0.0017857190299237,3.842417235817306,0.0005131730354555,0.2169206006757639,1.471842451873559,-0.1622319160016832,0.2033352761691832,6.818627732580985e-05,0.0039490097630303,0.0012695538403016,0.0108644680247689,6.336536408692194,0.22260797069325147
198,880,,4.0,15.0,0.7897733738450295,130.92264207353054,0.2343853709822182,9.081357422300862,54.71514550042352,2.1865745274710555,2.722228189514882,0.3077935056255462,2.735728518386974,1.2732056517228263,8.009698069084424,40.12072092284012,4.367407054130716,586.4080834359999,1.0,41,246.733285933766,10.321100000000008,10,1,10,5,30,133.14,4.367407054130716,604.4186481199998,1.0,42,253.58251712208408,7.066100000000009,10,1,10,5,30,133.14,0.0,18.010564684,0.0,1,6.84923118831809,-3.254999999999998,0,0,0,0,0,0.0,0.0034581827150326,3.865963399969101,0.000810776391756,0.2186149202658325,1.481589871060228,-0.1616995392877077,0.2039015362843689,7.206039008063024e-05,0.0045175649957733,0.0018684450308319,0.0107522194418934,6.340165043500681,0.4393451837810611
198,881,,4.0,15.0,0.7701210006753928,127.60768165557069,0.2404749895842538,8.853839629814637,53.393012781681406,2.515721852536849,2.836832573067901,0.3007926037591191,2.8569047519833,1.5690458125576712,7.8266942483492254,43.517011648976336,4.367407054130716,586.4080834359999,1.0,41,246.733285933766,10.321100000000008,10,1,10,5,30,133.14,4.367407054130716,604.4186481199998,1.0,42,253.58251712208408,7.066100000000009,10,1,10,5,30,133.14,0.0,18.010564684,0.0,1,6.84923118831809,-3.254999999999998,0,0,0,0,0,0.0,0.0037182396316878,3.8819351199032512,0.0009097412337463,0.2196987159944632,1.4876746397101108,-0.1619393037597854,0.2043964361854914,7.20245877164817e-05,0.0051115264969991,0.0023643550496255,0.010846244993882,6.3479832095231465,0.5850801009613953
206,884,50.0,25.0,5.0,1.0905426238496592,80.01057719667192,0.3182527989736789,5.852574782003846,34.880297769723384,1.689004928750093,1.353358395757909,0.7451598203705946,1.2354415362426845,1.050062654772261,1.538112308540638,24.713286134768623,3.716136771182721,398.145284324,1.0,29,173.7910025832228,8.623600000000003,5,3,6,5,6,96.21999999999998,3.716136771182721,416.155849008,1.0,30,180.6402337715409,5.402200000000004,6,3,6,5,6,127.71999999999998,0.0,18.010564684,0.0,1,6.84923118831809,-3.2213999999999987,1,0,0,0,0,31.5,0.0017316488958744,2.6319713749562563,0.0004022761977367,0.1469929538210501,1.002133490134108,-0.1179827345555731,0.1445068280485509,5.189026684575022e-05,0.0016896967497942,0.0016555358990613,0.0011224024881101,4.526297525218241,0.027468365529285537
206,885,50.0,25.0,5.0,1.5567054307507135,81.1268413107461,0.5773502691896258,5.507570547286102,30.91615530908751,1.215746364721413,2.516611478423583,0.0,3.0,2.516611478423584,1.0,39.8815049030667,2.7541847860376616,162.05282342,1.0,11,61.79361324845219,2.3966999999999987,5,0,6,5,2,78.88,2.7541847860376616,180.063388104,1.0,12,68.64284443677028,-0.8247,6,0,6,5,2,110.38,0.0,18.010564684,0.0,1,6.84923118831809,-3.2213999999999987,1,0,0,0,0,31.5,0.001334837075125,2.632464821308177,0.0004959282197179,0.1468917332620608,1.0013428679278686,-0.1186351020343824,0.1446264739497428,0.0,0.0022652593123179,0.0020061010945965,0.0007326982217144,4.527353716572142,-0.20368714064504762
206,886,50.0,25.0,5.0,1.5911098047485102,88.38531521208579,0.5357583756107197,6.027713773341707,33.05732513280332,1.165911940642745,3.055050463303893,0.0,3.0,2.516611478423584,1.0,49.18562832101806,2.757578124770353,176.032087976,1.0,12,65.95513534849599,2.3043999999999984,6,0,6,5,2,95.95,2.757578124770353,194.04265266,1.0,13,72.80436653681407,-0.8247,7,0,6,5,2,127.45,0.0,18.010564684,0.0,1,6.84923118831809,-3.1290999999999984,1,0,0,0,0,31.5,0.0011422575992348,2.619757085501949,0.0003881862523414,0.1460367218548151,0.9963274794542846,-0.1183949301176803,0.1443187247476787,0.0,0.0017179971071364,0.0015598718642473,0.0006709556760902,4.5226568772277815,0.10923243636701889
206,887,50.0,25.0,5.0,1.3782244342377858,85.76232789567075,0.45133546692422,5.852349955359813,31.97953749873887,1.1402077398439276,3.0000000000000004,0.0,2.8722813232690143,2.362907813126304,0.816496580927726,48.458449813560215,2.757578124770353,176.032087976,1.0,12,65.95513534849599,2.3043999999999984,6,0,6,5,2,95.95,2.757578124770353,194.04265266,1.0,13,72.80436653681407,-0.8247,7,0,6,5,2,127.45,0.0,18.010564684,0.0,1,6.84923118831809,-3.1290999999999984,1,0,0,0,0,31.5,0.0013227083793972,2.6332730580109542,0.0004394281419845,0.1469590203533156,1.0013668271516825,-0.1185743329767629,0.1447896833207396,0.0,0.002169337032576,0.0019261791449696,0.0007167510255648,4.530243091164335,0.04742773036499858
206,888,50.0,25.0,5.0,1.2068354826535266,75.9205197892093,0.4346134936801766,5.167204273105526,28.617091641078744,1.1065027351977033,2.5099800796022267,0.0,2.683281572999748,2.1908902300206643,0.7071067811865476,40.29914825402641,2.757578124770353,176.032087976,1.0,12,65.95513534849599,2.3966999999999987,6,0,6,5,2,95.95,2.757578124770353,194.04265266,1.0,13,72.80436653681407,-0.8247,7,0,6,5,2,127.45,0.0,18.010564684,0.0,1,6.84923118831809,-3.2213999999999987,1,0,0,0,0,31.5,0.0013357676483413,2.63326367083256,0.0004715341714714,0.1469518834755881,1.0015119378727797,-0.1186122388866578,0.1447170600985888,0.0,0.0022348233769992,0.0019807420299878,0.0007276382102986,4.528932827759683,0.01971165090060212
206,889,50.0,25.0,5.0,1.5911098047485102,88.38531521208579,0.5357583756107197,6.027713773341707,33.05732513280332,1.165911940642745,3.055050463303893,0.0,3.0,2.516611478423584,1.0,49.18562832101806,2.757578124770353,176.032087976,1.0,12,65.95513534849599,2.3043999999999984,6,0,6,5,2,95.95,2.757578124770353,194.04265266,1.0,13,72.80436653681407,-0.8247,7,0,6,5,2,127.45,0.0,18.010564684,0.0,1,6.84923118831809,-3.1290999999999984,1,0,0,0,0,31.5,0.0005131694150875,2.591206035130777,0.0001789530333731,0.1440957790517856,0.9854860553504154,-0.1180355209633628,0.1434052754498934,0.0,0.0006905036018921,0.0006466051728142,0.000328640447361,4.5083678640268685,-0.12143533028645945
206,890,50.0,25.0,5.0,1.5567054307507135,81.1268413107461,0.5773502691896258,5.507570547286102,30.91615530908751,1.215746364721413,2.516611478423583,0.0,3.0,2.516611478423584,1.0,39.8815049030667,2.7541847860376616,162.05282342,1.0,11,61.79361324845219,2.3966999999999987,5,0,6,5,2,78.88,2.7541847860376616,180.063388104,1.0,12,68.64284443677028,-0.8247,6,0,6,5,2,110.38,0.0,18.010564684,0.0,1,6.84923118831809,-3.2213999999999987,1,0,0,0,0,31.5,0.0005461962786693,2.5929579694877605,0.0002008592529599,0.144212455939753,0.9862054058462936,-0.1180745628120829,0.1434343697719679,0.0,0.000778086167785,0.0007195833648166,0.0003432157029515,4.508770085873401,-0.045588893354057566
206,891,50.0,25.0,5.0,1.3782244342377858,85.76232789567075,0.45133546692422,5.852349955359813,31.97953749873887,1.1402077398439276,3.0000000000000004,0.0,2.8722813232690143,2.362907813126304,0.816496580927726,48.458449813560215,2.757578124770353,176.032087976,1.0,12,65.95513534849599,2.3043999999999984,6,0,6,5,2,95.95,2.757578124770353,194.04265266,1.0,13,72.80436653681407,-0.8247,7,0,6,5,2,127.45,0.0,18.010564684,0.0,1,6.84923118831809,-3.1290999999999984,1,0,0,0,0,31.5,0.0008538140716567,2.605866948774231,0.0002935673704089,0.1450919301821565,0.991067053595335,-0.1182186875382109,0.1438685480723691,0.0,0.0012233821097874,0.00112547353877,0.0005218623601395,4.515581932941354,-0.07245786863494348
206,892,50.0,25.0,5.0,1.8994862446476055,81.36567326507623,0.478713553878169,5.597618541248888,30.88282216006986,1.0613531500714852,2.753785273643051,0.0,2.5,2.160246899469287,2.160246899469287,47.067228071486575,4.619312134964085,174.016437912,1.0,12,65.37623172040985,2.430299999999998,6,0,6,5,5,100.63,4.619312134964085,192.027002596,1.0,13,72.22546290872793,-0.8247,7,0,6,5,5,132.13,0.0,18.010564684,0.0,1,6.84923118831809,-3.254999999999998,1,0,0,0,0,31.5,0.0015495000312138,2.6334680635435657,0.0002538775769437,0.147018317315992,1.0013869452518251,-0.1181290101382351,0.144876936237519,0.0,0.0016122215630849,0.0015491750837454,0.0015030277053242,4.53367162459795,-0.030264824265877073
207,908,50.0,25.0,10.0,1.0216051425145656,118.64942911937628,0.2944945908556044,8.416254115301733,50.684605472362016,2.063401533043598,2.083266665599965,0.6782329983125268,2.0231987873991355,1.268857754044952,5.690049794744039,33.961299062315035,3.716136771182721,586.4080834359999,1.0,41,246.733285933766,8.657200000000003,10,3,10,5,30,133.14,3.716136771182721,604.4186481199998,1.0,42,253.58251712208408,5.402200000000004,10,3,10,5,30,133.14,0.0,18.010564684,0.0,1,6.84923118831809,-3.254999999999998,0,0,0,0,0,0.0,0.0072182374566079,9.26467654387128,0.0016607993707382,0.518325686972291,3.5325612326344222,-0.410575485572942,0.5050141683376388,4.142580442082611e-05,0.0061233037878104,0.0048587767075589,0.0062164096963617,15.811503177028989,-0.20046131264416034
207,909,50.0,25.0,10.0,1.0435712430395587,119.48921764949276,0.3006383978194704,8.47459972976365,51.041522551881854,2.1047609724482514,2.105892354489101,0.6902530516863499,2.0412414523193148,1.274044114541212,5.758264382229439,33.77282764230027,3.716136771182721,586.4080834359999,1.0,41,246.733285933766,8.623600000000003,10,3,10,5,30,133.14,3.716136771182721,604.4186481199998,1.0,42,253.58251712208408,5.402200000000004,10,3,10,5,30,133.14,0.0,18.010564684,0.0,1,6.84923118831809,-3.2213999999999987,0,0,0,0,0,0.0,0.0068510429227073,9.348921341486514,0.0018908633722981,0.5240754754385563,3.566033765187768,-0.4117662785864606,0.5068350082483658,4.439737544432439e-05,0.0087107264726318,0.0066553026510773,0.0086712240025699,15.843695144506038,-3.2314601244146224
207,910,50.0,25.0,10.0,1.043571243039559,119.48921764949276,0.3006383978194704,8.47459972976365,51.041522551881854,2.1047609724482514,2.105892354489101,0.6902530516863499,2.041241452319315,1.2740441145412122,5.758264382229439,33.77282764230028,3.716136771182721,586.4080834359999,1.0,41,246.733285933766,8.623600000000003,10,3,10,5,30,133.14,3.716136771182721,604.4186481199998,1.0,42,253.58251712208408,5.402200000000004,10,3,10,5,30,133.14,0.0,18.010564684,0.0,1,6.84923118831809,-3.2213999999999987,0,0,0,0,0,0.0,0.0009643758087467,1.84853720635049,0.0003000229772626,0.1032866823271046,0.7039753099132849,-0.0826568041195027,0.1011303645540004,5.729701146402983e-06,0.0014120837637874,0.0011537182389339,0.0010029261499512,3.166518657636239,-0.26732870762044836
207,912,50.0,25.0,10.0,1.338358688279038,78.26095656202882,0.5,5.315072906367325,29.7609262757898,1.1911180713934275,2.449489742783178,0.0,2.8722813232690143,2.362907813126304,0.816496580927726,38.98114619060519,2.7541847860376616,162.05282342,1.0,11,61.79361324845219,2.3966999999999987,5,0,6,5,2,78.88,2.7541847860376616,180.063388104,1.0,12,68.64284443677028,-0.8247,6,0,6,5,2,110.38,0.0,18.010564684,0.0,1,6.84923118831809,-3.2213999999999987,1,0,0,0,0,31.5,0.0005425175113511,1.824929673191329,0.0002014072915172,0.1016179471848049,0.6941031847667084,-0.0827980215150971,0.1007082699466438,0.0,0.000909677238161,0.0008078587836245,0.0003009961284979,3.1609384378453047,-0.47408709731322823
207,913,50.0,25.0,10.0,1.1049665648705234,139.19346823632867,0.342006921011865,9.60613230065971,57.369558534960255,2.8722007255374367,3.5707142142714243,0.0,3.5000000000000004,2.345207879911715,7.7781745930520225,55.099049901064525,3.6257596603687854,504.3298331159998,1.0,35,209.23323627957052,6.696400000000001,10,0,10,5,25,133.14,3.6257596603687854,522.3403977999998,1.0,36,216.08246746788865,3.4750000000000023,10,0,10,5,25,133.14,0.0,18.010564684,0.0,1,6.84923118831809,-3.2213999999999987,0,0,0,0,0,0.0,0.0062841490617393,9.332392361318853,0.0019669641032347,0.5226609474688814,3.556313043308694,-0.4133133671038305,0.5074464576842489,0.0,0.0094699279826356,0.0073081075105868,0.0072146062486095,15.854918194262398,-4.873453554204237
207,914,50.0,25.0,10.0,1.0435712430395587,119.48921764949276,0.3006383978194704,8.47459972976365,51.041522551881854,2.1047609724482514,2.105892354489101,0.6902530516863499,2.0412414523193148,1.274044114541212,5.758264382229439,33.77282764230027,3.716136771182721,586.4080834359999,1.0,41,246.733285933766,8.623600000000003,10,3,10,5,30,133.14,3.716136771182721,604.4186481199998,1.0,42,253.58251712208408,5.402200000000004,10,3,10,5,30,133.14,0.0,18.010564684,0.0,1,6.84923118831809,-3.2213999999999987,0,0,0,0,0,0.0,0.0027196165732734,4.624131591725558,0.000836054229847,0.2583873812375611,1.7605709303273034,-0.2069178692684206,0.2531404512308634,2.567301381810653e-05,0.0038343109962692,0.0033033406854352,0.002205200162476,7.922357541843118,-0.25911330072198085
207,915,50.0,25.0,10.0,0.8755201540586487,118.1023735546485,0.2962478125724422,8.423955437327768,52.25877313878187,3.4452457655941697,1.890711484062649,0.5841031335203015,1.8911558868150704,1.1917080461366747,7.617979617023018,31.307309649329365,3.716136771182721,586.4080834359999,1.0,41,246.733285933766,11.894500000000004,10,3,10,5,30,133.14,3.716136771182721,604.4186481199998,1.0,42,253.58251712208408,8.673100000000005,10,3,10,5,30,133.14,0.0,18.010564684,0.0,1,6.84923118831809,-3.2213999999999987,0,0,0,0,0,0.0,0.0086936349380342,9.58814902409928,0.0023144366641489,0.5412389586613723,3.6723724947168654,-0.4058335401870538,0.5084861096046098,0.0001103440785185,0.0097114593696191,0.0066286567111947,0.024312689974135,15.856368652595718,-3.6227021737610965
207,916,50.0,25.0,10.0,0.8779785316166424,124.9263605799144,0.2992511049875865,8.926220888754585,55.3863175439076,3.530728925174593,1.7960530202677487,0.6082431071696207,1.8619167196649105,1.0920349456774014,7.906140427010698,29.24798961763675,3.716136771182721,586.4080834359999,1.0,41,246.733285933766,11.928100000000004,9,3,10,5,30,101.64,3.716136771182721,604.4186481199998,1.0,42,253.58251712208408,8.673100000000005,10,3,10,5,30,133.14,0.0,18.010564684,0.0,1,6.84923118831809,-3.254999999999998,1,0,0,0,0,31.5,0.0019461617474207,1.901585552579909,0.0005126564765108,0.1070676424683452,0.7270267775675588,-0.0815454101920693,0.1017353346698062,1.1812113054533222e-05,0.0019717169658141,0.0015169887685409,0.0036969035094637,3.1720671890644487,-2.2821961292197335
207,917,50.0,25.0,10.0,1.1056029231747335,144.82721694017337,0.3401274507268779,10.013879257199868,59.84477001374446,2.6417059338827085,3.4318767136623336,0.0,3.48010216963685,2.1473497877875207,7.843964417166729,52.04325124355702,3.6257596603687854,504.3298331159998,1.0,35,209.23323627957052,6.73,10,0,10,5,25,133.14,3.6257596603687854,522.3403977999998,1.0,36,216.08246746788865,3.4750000000000023,10,0,10,5,25,133.14,0.0,18.010564684,0.0,1,6.84923118831809,-3.254999999999998,0,0,0,0,0,0.0,0.0092876556751594,9.308365919860456,0.0025087588610247,0.5209850768756574,3.545455758434625,-0.4130224562903978,0.5078564495079644,0.0,0.0095851460052154,0.0082908956721884,0.004377186391951,15.857145527867551,-0.694939540085273
208,925,80.0,4.0,15.0,1.0435712430395587,119.48921764949276,0.3006383978194704,8.47459972976365,51.041522551881854,2.1047609724482514,2.105892354489101,0.6902530516863499,2.0412414523193148,1.274044114541212,5.758264382229439,33.77282764230027,3.716136771182721,586.4080834359999,1.0,41,246.733285933766,8.623600000000003,10,3,10,5,30,133.14,3.716136771182721,604.4186481199998,1.0,42,253.58251712208408,5.402200000000004,10,3,10,5,30,133.14,0.0,18.010564684,0.0,1,6.84923118831809,-3.2213999999999987,0,0,0,0,0,0.0,0.0009889514811903,1.6815023969911118,0.0003040197199443,0.0939590477227495,0.6402076110281103,-0.0752428615521529,0.0920510731748594,9.335641388402374e-06,0.0013942949077342,0.0012012147947037,0.000801890968173,2.880857287942952,-1.60565985832639
208,926,80.0,4.0,15.0,0.8755201540586487,118.1023735546485,0.2962478125724422,8.423955437327768,52.25877313878187,3.4452457655941697,1.890711484062649,0.5841031335203015,1.8911558868150704,1.1917080461366747,7.617979617023018,31.307309649329365,3.716136771182721,586.4080834359999,1.0,41,246.733285933766,11.894500000000004,10,3,10,5,30,133.14,3.716136771182721,604.4186481199998,1.0,42,253.58251712208408,8.673100000000005,10,3,10,5,30,133.14,0.0,18.010564684,0.0,1,6.84923118831809,-3.2213999999999987,0,0,0,0,0,0.0,0.0015806608978244,1.743299822563505,0.0004208066662088,0.0984070833929767,0.6677040899485209,-0.0737879163976461,0.0924520199281108,2.0062559730647708e-05,0.0017657198853852,0.0012052103111263,0.0044204890862063,2.8829761186537666,-3.935674937291912
208,927,80.0,4.0,15.0,0.8779785316166424,124.9263605799144,0.2992511049875865,8.926220888754585,55.3863175439076,3.530728925174593,1.7960530202677487,0.6082431071696207,1.8619167196649105,1.0920349456774014,7.906140427010698,29.24798961763675,3.716136771182721,586.4080834359999,1.0,41,246.733285933766,11.928100000000004,9,3,10,5,30,101.64,3.716136771182721,604.4186481199998,1.0,42,253.58251712208408,8.673100000000005,10,3,10,5,30,133.14,0.0,18.010564684,0.0,1,6.84923118831809,-3.254999999999998,1,0,0,0,0,31.5,0.0017692379522006,1.7287141387090084,0.0004660513422825,0.0973342204257684,0.6609334341523263,-0.0741321910836994,0.092486667881642,1.0738284595030205e-05,0.0017924699689219,0.0013790806986736,0.0033608213722397,2.883697444604044,-0.9893327810385816
208,929,80.0,4.0,15.0,1.122007311564922,164.903830459105,0.3513291835530452,11.489125293076055,69.25418104572127,3.084779117295112,3.419714088113865,0.0,3.4318767136623336,2.147349787787521,9.479510067039916,50.93488784713284,3.6257596603687854,586.4080834359999,1.0,41,246.733285933766,7.684000000000005,10,0,10,5,30,133.14,3.6257596603687854,604.4186481199998,1.0,42,253.58251712208408,4.462600000000006,10,0,10,5,30,133.14,0.0,18.010564684,0.0,1,6.84923118831809,-3.2213999999999987,0,0,0,0,0,0.0,0.0009559220856384,1.6811935003999936,0.0002974222368297,0.0939394695838347,0.6401018724998283,-0.0751606117833976,0.0920008482498915,0.0,0.0013255136778061,0.0011025181696592,0.0009209539839388,2.8794872398499893,-0.2892867557834261
208,930,80.0,4.0,15.0,1.1926630851802849,73.31618833577492,0.4472135954999579,4.979959839195493,27.858798998214343,1.1220975648311509,2.302172886644268,0.0,2.683281572999748,2.1908902300206643,0.7071067811865476,36.69162547503176,2.7541847860376616,162.05282342,1.0,11,61.79361324845219,2.3966999999999987,5,0,6,5,2,78.88,2.7541847860376616,180.063388104,1.0,12,68.64284443677028,-0.8247,6,0,6,5,2,110.38,0.0,18.010564684,0.0,1,6.84923118831809,-3.2213999999999987,1,0,0,0,0,31.5,0.0008270583401666,1.6753485972550994,0.0003078189316673,0.0934867198187404,0.6372606958868158,-0.0755012009684562,0.092043995898082,0.0,0.0014427239206584,0.0012696348787729,0.000442548821449,2.881222392743023,-0.23865963732040454
208,931,80.0,4.0,15.0,1.0216051425145656,118.64942911937628,0.2944945908556044,8.416254115301733,50.684605472362016,2.063401533043598,2.083266665599965,0.6782329983125268,2.0231987873991355,1.268857754044952,5.690049794744039,33.961299062315035,3.716136771182721,586.4080834359999,1.0,41,246.733285933766,8.657200000000003,10,3,10,5,30,133.14,3.716136771182721,604.4186481199998,1.0,42,253.58251712208408,5.402200000000004,10,3,10,5,30,133.14,0.0,18.010564684,0.0,1,6.84923118831809,-3.254999999999998,0,0,0,0,0,0.0,0.0013124068102923,1.6844866443402329,0.0003019635219524,0.0942410339949619,0.6422838604789859,-0.0746500882859894,0.0918207578795707,7.531964440150202e-06,0.00111332796142,0.0008834139468288,0.0011302563084294,2.874818759459816,-3.4645489432003185
208,932,80.0,4.0,15.0,1.0435712430395587,119.48921764949276,0.3006383978194704,8.47459972976365,51.041522551881854,2.1047609724482514,2.105892354489101,0.6902530516863499,2.0412414523193148,1.274044114541212,5.758264382229439,33.77282764230027,3.716136771182721,586.4080834359999,1.0,41,246.733285933766,8.623600000000003,10,3,10,5,30,133.14,3.716136771182721,604.4186481199998,1.0,42,253.58251712208408,5.402200000000004,10,3,10,5,30,133.14,0.0,18.010564684,0.0,1,6.84923118831809,-3.2213999999999987,0,0,0,0,0,0.0,0.0012456441677649,1.699803880270275,0.0003437933404178,0.0952864500797374,0.6483697754886851,-0.0748665961066292,0.092151819681521,8.072250080786254e-06,0.0015837684495694,0.0012100550274686,0.0015765861822854,2.880671844455643,-6.85864378258288
208,933,80.0,4.0,15.0,1.043571243039559,119.48921764949276,0.3006383978194704,8.47459972976365,51.041522551881854,2.1047609724482514,2.105892354489101,0.6902530516863499,2.041241452319315,1.2740441145412122,5.758264382229439,33.77282764230028,3.716136771182721,586.4080834359999,1.0,41,246.733285933766,8.623600000000003,10,3,10,5,30,133.14,3.716136771182721,604.4186481199998,1.0,42,253.58251712208408,5.402200000000004,10,3,10,5,30,133.14,0.0,18.010564684,0.0,1,6.84923118831809,-3.2213999999999987,0,0,0,0,0,0.0,0.0008767052806788,1.6804883694095365,0.0002727481611478,0.0938969839337315,0.6399775544666226,-0.0751425491995479,0.0919366950490913,5.208819224002712e-06,0.001283712512534,0.0010488347626672,0.0009117510454102,2.878653325123854,-0.1494853907565134
208,935,80.0,4.0,15.0,1.1049665648705234,139.19346823632867,0.342006921011865,9.60613230065971,57.369558534960255,2.8722007255374367,3.5707142142714243,0.0,3.5000000000000004,2.345207879911715,7.7781745930520225,55.099049901064525,3.6257596603687854,504.3298331159998,1.0,35,209.23323627957052,6.696400000000001,10,0,10,5,25,133.14,3.6257596603687854,522.3403977999998,1.0,36,216.08246746788865,3.4750000000000023,10,0,10,5,25,133.14,0.0,18.010564684,0.0,1,6.84923118831809,-3.2213999999999987,0,0,0,0,0,0.0,0.0011425725566798,1.6967986111488826,0.0003576298369517,0.0950292631761602,0.6466023715106717,-0.0751478849279691,0.092262992306227,0.0,0.0017218050877519,0.0013287468201067,0.0013117465906562,2.8827123989568,-6.098452315366939
209,950,50.0,25.0,10.0,0.9072727316004636,126.3181084153718,0.3012305680772258,9.02334137973137,55.97205990553073,3.4909801440661887,1.7694729392558168,0.6260623155792925,1.7759569219172366,0.9595257449242378,7.943478493375094,28.166353001042047,3.716136771182721,586.4080834359999,1.0,41,246.733285933766,10.399400000000004,9,3,10,4,30,101.64,3.716136771182721,604.4186481199998,1.0,42,253.58251712208408,8.673100000000005,10,3,10,4,30,133.14,0.0,18.010564684,0.0,1,6.84923118831809,-1.7262999999999993,1,0,0,0,0,31.5,0.0026277357521411,2.109629071365696,0.0006650982854072,0.1187256263352665,0.8057202551562791,-0.0912504110713694,0.1134862862204339,6.334580807966171e-05,0.0025648993100504,0.0023158812456723,0.0035907426945077,3.535210937898907,-1.587755961473748
209,951,50.0,25.0,10.0,1.043571243039559,119.48921764949276,0.3006383978194704,8.47459972976365,51.041522551881854,2.1047609724482514,2.105892354489101,0.6902530516863499,2.041241452319315,1.2740441145412122,5.758264382229439,33.77282764230028,3.716136771182721,586.4080834359999,1.0,41,246.733285933766,8.623600000000003,10,3,10,5,30,133.14,3.716136771182721,604.4186481199998,1.0,42,253.58251712208408,5.402200000000004,10,3,10,5,30,133.14,0.0,18.010564684,0.0,1,6.84923118831809,-3.2213999999999987,0,0,0,0,0,0.0,0.0022906186682405,2.124488094233448,0.0007632548800763,0.1196155759228449,0.810581012752221,-0.0920104773823631,0.1140293483181329,1.858139472802156e-05,0.0035623949306589,0.0028281061061705,0.0036263691515777,3.5421022126014345,-1.5915204838270058
209,952,50.0,25.0,10.0,1.0292611733989212,116.97437671529204,0.3076252818661201,8.296183861671985,49.971311924478215,2.1203920699405265,2.083266665599966,0.6782329983125268,2.055885859347903,1.2583057392117916,5.690049794744039,33.13545542164767,3.716136771182721,586.4080834359999,1.0,41,246.733285933766,8.623600000000003,10,3,10,5,30,133.14,3.716136771182721,604.4186481199998,1.0,42,253.58251712208408,5.402200000000004,10,3,10,5,30,133.14,0.0,18.010564684,0.0,1,6.84923118831809,-3.2213999999999987,0,0,0,0,0,0.0,0.0026808618651681,2.1143374160864337,0.000714706542085,0.1190263368171835,0.8072565483483934,-0.0915280550817763,0.1137078885755463,5.54682304259677e-05,0.0029471870293204,0.0024937897174403,0.0033569665647355,3.5375562207251576,-0.9339492579603392
209,953,50.0,25.0,10.0,1.043555909884979,120.44417314715956,0.2851960688591859,8.536367214300899,51.40619951544681,2.065031059768345,2.1260121204339084,0.6902530516863499,2.06418738616856,1.2825472842090009,5.800893234566602,34.664865769833575,3.716136771182721,586.4080834359999,1.0,41,246.733285933766,8.657200000000003,10,3,10,5,30,133.14,3.716136771182721,604.4186481199998,1.0,42,253.58251712208408,5.402200000000004,10,3,10,5,30,133.14,0.0,18.010564684,0.0,1,6.84923118831809,-3.254999999999998,0,0,0,0,0,0.0,0.0023179792799123,2.1001880349751403,0.0005656656712341,0.1180291268757202,0.8010803211885029,-0.0916385691066749,0.1135647998686125,2.8421507594056496e-05,0.0026965761864196,0.0021893205226439,0.0019487129620918,3.5357108085729454,-0.3583020816698863
209,954,50.0,25.0,10.0,0.807289169388631,132.47513924363454,0.2553196387159614,9.382354258317656,58.05943881288956,3.97343633817428,2.32992949004287,0.0,2.7115274205474957,1.2983506020002016,8.77496438739212,30.91647036775058,3.2329128954416952,586.4080834359999,1.0,41,246.733285933766,11.894500000000004,9,0,10,5,30,101.64,3.2329128954416952,604.4186481199998,1.0,42,253.58251712208408,8.673100000000005,10,0,10,5,30,133.14,0.0,18.010564684,0.0,1,6.84923118831809,-3.2213999999999987,1,0,0,0,0,31.5,0.0011882316967083,2.089771040914704,0.0004087464451531,0.1173264850737227,0.7984309139470773,-0.0907836940630596,0.1124020695621383,0.0,0.0016063523815766,0.0011257792144191,0.0038844304334451,3.515948719527435,-1.0347361745270938
209,955,50.0,25.0,10.0,0.788103819316273,116.22566896073508,0.2481807118832706,8.235810307952182,51.37838702867337,4.1086900791348295,2.5967012040004027,0.0,2.7945525240230875,1.5337473561121315,8.048661527294607,38.04908656684716,3.2329128954416952,504.3298331159998,1.0,35,209.23323627957052,11.802200000000004,9,0,10,5,25,101.64,3.2329128954416952,522.3403977999998,1.0,36,216.08246746788865,8.673100000000005,10,0,10,5,25,133.14,0.0,18.010564684,0.0,1,6.84923118831809,-3.1290999999999984,1,0,0,0,0,31.5,0.001659122657079,2.1109755685527896,0.0005816626872196,0.1187200923660197,0.8061776378261436,-0.0912736691049332,0.1132152917374785,0.0,0.0025752516017704,0.001803246100862,0.0044715173100812,3.5275441234316425,-1.5136401704168427
209,956,50.0,25.0,10.0,1.338358688279038,78.26095656202882,0.5,5.315072906367325,29.7609262757898,1.1911180713934275,2.449489742783178,0.0,2.8722813232690143,2.362907813126304,0.816496580927726,38.98114619060519,2.7541847860376616,162.05282342,1.0,11,61.79361324845219,2.3966999999999987,5,0,6,5,2,78.88,2.7541847860376616,180.063388104,1.0,12,68.64284443677028,-0.8247,6,0,6,5,2,110.38,0.0,18.010564684,0.0,1,6.84923118831809,-3.2213999999999987,1,0,0,0,0,31.5,0.0003222336102954,2.0201671310989378,0.0001219222796678,0.1124001357578965,0.7682748588839451,-0.0919120513504738,0.1116946622946699,0.0,0.0007054734632266,0.0005922379218188,0.0001306090179278,3.509185585396054,-0.004401519235694885
209,957,50.0,25.0,10.0,1.5567054307507135,81.1268413107461,0.5773502691896258,5.507570547286102,30.91615530908751,1.215746364721413,2.516611478423583,0.0,3.0,2.516611478423584,1.0,39.8815049030667,2.7541847860376616,162.05282342,1.0,11,61.79361324845219,2.3966999999999987,5,0,6,5,2,78.88,2.7541847860376616,180.063388104,1.0,12,68.64284443677028,-0.8247,6,0,6,5,2,110.38,0.0,18.010564684,0.0,1,6.84923118831809,-3.2213999999999987,1,0,0,0,0,31.5,0.0006474615292653,2.0335526565035758,0.0002422203738294,0.1133069597841446,0.7734325162028783,-0.0920925565317005,0.1120879252607131,0.0,0.0012190345234315,0.0010549100561171,0.0003203162803444,3.5152257574929338,0.13180654583075754
209,958,50.0,25.0,10.0,1.8994862446476055,81.36567326507623,0.478713553878169,5.597618541248888,30.88282216006986,1.0613531500714852,2.753785273643051,0.0,2.5,2.160246899469287,2.160246899469287,47.067228071486575,4.619312134964085,174.016437912,1.0,12,65.37623172040985,2.430299999999998,6,0,6,5,5,100.63,4.619312134964085,192.027002596,1.0,13,72.22546290872793,-0.8247,7,0,6,5,5,132.13,0.0,18.010564684,0.0,1,6.84923118831809,-3.254999999999998,1,0,0,0,0,31.5,0.0016276697292729,2.06133601248613,0.0002058736715436,0.1152553707040273,0.7836789416753511,-0.0918094216959564,0.1131620990364769,0.0,0.0014389119501144,0.0014377981872183,0.0017193530150632,3.534220163182641,0.015405413186978911
209,959,50.0,25.0,10.0,1.5911098047485102,88.38531521208579,0.5357583756107197,6.027713773341707,33.05732513280332,1.165911940642745,3.055050463303893,0.0,3.0,2.516611478423584,1.0,49.18562832101806,2.757578124770353,176.032087976,1.0,12,65.95513534849599,2.3043999999999984,6,0,6,5,2,95.95,2.757578124770353,194.04265266,1.0,13,72.80436653681407,-0.8247,7,0,6,5,2,127.45,0.0,18.010564684,0.0,1,6.84923118831809,-3.1290999999999984,1,0,0,0,0,31.5,0.0005188844506024,2.027670261693325,0.0001677243092989,0.1129142920827412,0.7710354955586054,-0.0919720013209002,0.1119801457946774,0.0,0.0009341462880637,0.0008110110423017,0.0002533584547566,3.5137154345661363,-0.05261939144602387
209,960,50.0,25.0,10.0,1.3782244342377858,85.76232789567075,0.45133546692422,5.852349955359813,31.97953749873887,1.1402077398439276,3.0000000000000004,0.0,2.8722813232690143,2.362907813126304,0.816496580927726,48.458449813560215,2.757578124770353,176.032087976,1.0,12,65.95513534849599,2.3043999999999984,6,0,6,5,2,95.95,2.757578124770353,194.04265266,1.0,13,72.80436653681407,-0.8247,7,0,6,5,2,127.45,0.0,18.010564684,0.0,1,6.84923118831809,-3.1290999999999984,1,0,0,0,0,31.5,0.0003026663437015,2.015189461560415,0.0001002061638135,0.1120640944194847,0.7663428322463145,-0.0918102513023348,0.1115615397094181,0.0,0.0005025547100666,0.000444858647602,0.0001619482859839,3.5070574983957443,0.08217052111334294
209,961,50.0,25.0,10.0,1.8994862446476055,81.36567326507623,0.478713553878169,5.597618541248888,30.88282216006986,1.0613531500714852,2.753785273643051,0.0,2.5,2.160246899469287,2.160246899469287,47.067228071486575,4.619312134964085,174.016437912,1.0,12,65.37623172040985,2.430299999999998,6,0,6,5,5,100.63,4.619312134964085,192.027002596,1.0,13,72.22546290872793,-0.8247,7,0,6,5,5,132.13,0.0,18.010564684,0.0,1,6.84923118831809,-3.254999999999998,1,0,0,0,0,31.5,0.0023347804693358,2.087459654184209,0.0003284155034631,0.1170499208485794,0.7935807932466252,-0.0919377150551777,0.1140267465526586,0.0,0.0021396676995609,0.002122988384987,0.0024071648850718,3.548518061927558,-0.1338309491621833
210,965,50.0,25.0,7.0,1.0216051425145656,118.64942911937628,0.2944945908556044,8.416254115301733,50.684605472362016,2.063401533043598,2.083266665599965,0.6782329983125268,2.0231987873991355,1.268857754044952,5.690049794744039,33.961299062315035,3.716136771182721,586.4080834359999,1.0,41,246.733285933766,8.657200000000003,10,3,10,5,30,133.14,3.716136771182721,604.4186481199998,1.0,42,253.58251712208408,5.402200000000004,10,3,10,5,30,133.14,0.0,18.010564684,0.0,1,6.84923118831809,-3.254999999999998,0,0,0,0,0,0.0,0.0024649022238673,2.6506605707521684,0.0006434502653053,0.1482503432036268,1.0094297510405088,-0.1180231850005742,0.1449311775918185,3.6590840814969983e-06,0.002495579825966,0.002202046676223,0.0007948527420944,4.529083380188655,0.1425851497371833
210,966,50.0,25.0,7.0,1.0220434800338472,117.0447364375066,0.3076252818661201,8.298192574289898,49.96867615129406,2.179260459483141,2.1213203435596424,0.6782329983125268,2.1118712081942874,1.3699148392023013,5.666274496233541,34.125734424331434,3.716136771182721,586.4080834359999,1.0,41,246.733285933766,8.623600000000003,10,3,10,5,30,133.14,3.716136771182721,604.4186481199998,1.0,42,253.58251712208408,5.402200000000004,10,3,10,5,30,133.14,0.0,18.010564684,0.0,1,6.84923118831809,-3.2213999999999987,0,0,0,0,0,0.0,0.0027134587594066,6.115002328488312,0.0008280682213233,0.3410226633769905,2.3271929474856266,-0.2756925110626339,0.3363054632155608,2.7675410893771117e-05,0.0036388646150135,0.0032392012795748,0.0018317831587,10.5453075177461,-0.23223259518583342
210,967,50.0,25.0,7.0,1.043571243039559,119.48921764949276,0.3006383978194704,8.47459972976365,51.041522551881854,2.1047609724482514,2.105892354489101,0.6902530516863499,2.041241452319315,1.2740441145412122,5.758264382229439,33.77282764230028,3.716136771182721,586.4080834359999,1.0,41,246.733285933766,8.623600000000003,10,3,10,5,30,133.14,3.716136771182721,604.4186481199998,1.0,42,253.58251712208408,5.402200000000004,10,3,10,5,30,133.14,0.0,18.010564684,0.0,1,6.84923118831809,-3.2213999999999987,0,0,0,0,0,0.0,0.0022907401352486,3.695921828590939,0.000710371134103,0.2064624830295229,1.4069153101244454,-0.165642531610085,0.2025114690881345,2.1324005487460974e-05,0.0030984548841867,0.0027616374204591,0.0015431363478819,6.338259064092426,-0.13636332741505508
210,968,50.0,25.0,7.0,1.338358688279038,78.26095656202882,0.5,5.315072906367325,29.7609262757898,1.1911180713934275,2.449489742783178,0.0,2.8722813232690143,2.362907813126304,0.816496580927726,38.98114619060519,2.7541847860376616,162.05282342,1.0,11,61.79361324845219,2.3966999999999987,5,0,6,5,2,78.88,2.7541847860376616,180.063388104,1.0,12,68.64284443677028,-0.8247,6,0,6,5,2,110.38,0.0,18.010564684,0.0,1,6.84923118831809,-3.2213999999999987,1,0,0,0,0,31.5,0.0006408750078268,2.6033106189906947,0.0002389571278803,0.144916397535065,0.9901164461159389,-0.1182396187821956,0.1437672916321637,0.0,0.0011491059029012,0.0010050277298145,0.0003338360826739,4.514134402983508,0.025860636834800936
210,969,50.0,25.0,7.0,0.8248800462558843,134.05455369078948,0.2605319127209372,9.47553240117484,58.28434940551692,3.7042637644319454,2.3487195482823218,0.0,2.7022579081571405,1.286019499792345,8.306293125968136,31.159652456482743,3.2329128954416952,586.4080834359999,1.0,41,246.733285933766,11.894500000000004,9,0,10,5,30,101.64,3.2329128954416952,604.4186481199998,1.0,42,253.58251712208408,8.673100000000005,10,0,10,5,30,133.14,0.0,18.010564684,0.0,1,6.84923118831809,-3.2213999999999987,1,0,0,0,0,31.5,0.0010817858789026,2.632932131336536,0.0003897737531024,0.1469791478085237,1.0023045793099312,-0.1181388070040221,0.1443217047102718,0.0,0.0018201430389967,0.0015599418197915,0.0012576651607079,4.522178360864079,0.009455256770378248
210,970,50.0,25.0,7.0,1.006429861389674,194.97487279810528,0.3864208283046076,13.646907900256938,82.43971389724891,2.7809897814918187,3.0783421635988546,0.0,3.4572215654165057,2.0354009783964297,11.04536101718726,41.43843402308677,2.8030394876740514,586.4080834359999,1.0,41,246.733285933766,7.717600000000004,9,0,10,5,30,101.64,2.8030394876740514,604.4186481199998,1.0,42,253.58251712208408,4.462600000000006,10,0,10,5,30,133.14,0.0,18.010564684,0.0,1,6.84923118831809,-3.254999999999998,1,0,0,0,0,31.5,0.001615745160683,3.0610875880484083,0.0004788659978337,0.1707333941305519,1.1646672590852696,-0.1379064174574699,0.1683699417449282,0.0,0.0020678068836914,0.001805393984907,0.0005723047559899,5.274623107195332,-0.03434077125327458
210,971,50.0,25.0,7.0,1.1812328071107256,148.80131799162714,0.3408160900152742,10.26697201153847,61.27839867021023,2.800826626959569,3.732100136460895,0.0,3.62284418654736,2.2677868380553634,8.184261900571295,56.56790910994879,3.6257596603687854,504.3298331159998,1.0,35,209.23323627957052,6.604100000000001,10,0,10,5,25,133.14,3.6257596603687854,522.3403977999998,1.0,36,216.08246746788865,3.4750000000000023,10,0,10,5,25,133.14,0.0,18.010564684,0.0,1,6.84923118831809,-3.1290999999999984,0,0,0,0,0,0.0,0.0008535747331489,3.642414956949033,0.0002503378545196,0.2027835209563412,1.385691574119403,-0.1651721438810363,0.2010783597945546,0.0,0.0012361020560495,0.0010344855016204,0.0006292534578044,6.316129473144756,0.10320776799414529
210,972,50.0,25.0,7.0,1.2751138053695612,160.6462712225266,0.3571066009585953,11.0883894661209,66.17579234070234,2.626688093216936,3.773340063934768,0.0,3.741657386773941,2.070196678027062,8.654753717163874,54.53031476684716,3.6257596603687854,504.3298331159998,1.0,35,209.23323627957052,6.604100000000001,10,0,10,5,25,133.14,3.6257596603687854,522.3403977999998,1.0,36,216.08246746788865,3.4750000000000023,10,0,10,5,25,133.14,0.0,18.010564684,0.0,1,6.84923118831809,-3.1290999999999984,0,0,0,0,0,0.0,0.0007685707933567,2.609788752141644,0.0002493904327665,0.1453677776001813,0.992476472882192,-0.1182542352060463,0.1440284224680602,0.0,0.0012931880179788,0.0011311780894995,0.0004172462096962,4.518323262371949,0.06474038276254086
210,973,50.0,25.0,7.0,1.197158556418946,176.27234824944668,0.370665989361909,12.282391577259816,74.00594908522329,2.9980989557670434,3.420004177106889,0.0,3.5355339059327378,1.98206241793023,9.999107102993891,48.155844327113016,3.6257596603687854,586.4080834359999,1.0,41,246.733285933766,7.684000000000005,10,0,10,5,30,133.14,3.6257596603687854,604.4186481199998,1.0,42,253.58251712208408,4.462600000000006,10,0,10,5,30,133.14,0.0,18.010564684,0.0,1,6.84923118831809,-3.2213999999999987,0,0,0,0,0,0.0,0.0003240255524273,2.58903049709266,0.0001234722207914,0.143963455686483,0.9847623736374048,-0.1179697402085418,0.1432946602466207,0.0,0.0005640367208162,0.0004364031029254,0.0001581263059262,4.506062057410015,-0.006868214292295148
210,974,50.0,25.0,7.0,1.1867853473660996,176.02129671662456,0.370665989361909,12.26420459245989,73.86672587332585,3.1610101206508574,3.5050983275386565,0.0,3.62284418654736,2.2677868380553634,9.924716620639604,51.44266945903399,3.6257596603687854,586.4080834359999,1.0,41,246.733285933766,7.684000000000005,10,0,10,5,30,133.14,3.6257596603687854,604.4186481199998,1.0,42,253.58251712208408,4.462600000000006,10,0,10,5,30,133.14,0.0,18.010564684,0.0,1,6.84923118831809,-3.2213999999999987,0,0,0,0,0,0.0,0.0006937500949532,2.605050430374691,0.0002558534298097,0.1450369832094193,0.9908265279364116,-0.1182428149710877,0.1438032152348251,0.0,0.0012034419905719,0.0010543925030458,0.0003798045341507,4.5146188874756685,0.101447549863952
210,975,50.0,25.0,7.0,1.36710899912435,68.29141647512313,0.478713553878169,4.645786621588784,26.31620636227485,1.4219524262435776,2.160246899469287,0.0,2.6457513110645907,2.217355782608345,0.957427107756338,38.62242914853148,2.8030394876740514,161.068807832,1.0,11,62.3392701932689,3.345899999999998,5,0,6,5,2,84.67000000000002,2.8030394876740514,179.079372516,1.0,12,69.18850138158699,0.0908999999999999,6,0,6,5,2,116.17000000000002,0.0,18.010564684,0.0,1,6.84923118831809,-3.254999999999998,1,0,0,0,0,31.5,0.0021044299548525,2.634639301872501,0.0005526565360382,0.1471197629172704,1.0027912959337764,-0.1180503717151866,0.1446055311343203,0.0,0.0020878578434811,0.0018734994417808,0.0004645807309071,4.524274689615659,0.09012651410907137
